sample_id,pano_id
geo_000001,-0k9SxbwbVsyNnhzXAvYAw
geo_000002,-69oiv36hz9OYGhbK_NtYA
geo_000003,-6RfuUfHXpPp7aINlJFs5w
geo_000004,-6wmQ2rx7PmOZSm6A44gOA
geo_000005,-A3RGjd9LFcWXbyGWPLYbw
geo_000006,-DTuUZuEAel9yw9bk55Hsg
geo_000007,-Dk5kSJXEMo-JSAuE7u8Kg
geo_000008,-FwJIHZsnui_0gvkh3nPBw
geo_000009,-MvXPgwOoT8a_a3s9m-ksQ
geo_000010,-NxlFOmqkxGq0ZF6x1pQ4g
geo_000011,-OFw-lIgTAq53HjZjye2TQ
geo_000012,-PaiMtPPPG-ZWl_A_IrfMw
geo_000013,-QWPtDohFpdzQSXEUKGSuw
geo_000014,-R338peCFLFjggiIbR3jwg
geo_000015,-SObBYcPG5bV3enx5tFSww
geo_000016,-Su45iEpp5xh0ZdiZzkJDQ
geo_000017,-ZOcprMQMg7weJz4fwSbYA
geo_000018,-ZP5KwYhY_m5Vi9Oav6Tsw
geo_000019,-dICKEEQaHBx3jVtpYfxMw
geo_000020,-hdsRuEUKhKmKooR46JqNQ
geo_000021,-hl4kpnh_HbvGlfLdAfYUg
geo_000022,-iCZiGEvSovyu6ETDjEpzA
geo_000023,-ljvExvuSGQsj6Tu7CyR9w
geo_000024,-oSWeSvQF6evO-eQlmZa4Q
geo_000025,-ovzM2XqfMYl43z247owrw
geo_000026,-p-H_D93Y2dPDNwLWHOB9w
geo_000027,-pRH1F6wLPcbS5q8EaTV6Q
geo_000028,-pkyrAjQ7I8SX0RVuZQqdg
geo_000029,-r-0XniT7aUnCVbpDLmgUg
geo_000030,-r6YnrJksMwM_EvAR_6-mA
geo_000031,-rz5gl3cj-oHwHVA8NiJSw
geo_000032,-svkhDRuobP7PrUZ5XM0uA
geo_000033,-y11N3VIet9E8rWIwN-iDQ
geo_000034,-yeohc9EcR9nmIPg97C8Cw
geo_000035,-yg_B9tNbtIPk2P_Ry5HHg
geo_000036,-yynKpmPSyTWaSHOigMY2g
geo_000037,-zYnMRKbinrXXhTvM88BFA
geo_000038,-zjPC-S4AXOJDRFgx7rdkQ
geo_000039,-zukgHsAa2NoDKr3dph67Q
geo_000040,001q-Grm_h7_uajFp08_8Q
geo_000041,0143XP7wPhfmKgVP4g4O1g
geo_000042,01B1NB87lcAoRRls_nKfLg
geo_000043,01j0HVCOopPtdP_6zVCMgA
geo_000044,02tb0_XHR1ZEVE420Gn6rg
geo_000045,03MND9j2j20X7PTN4WBBEw
geo_000046,04mMofJ24d6Oh_6LNpdaQg
geo_000047,05gEAvy8_WS_U8dPor9Qhg
geo_000048,07h6foG5Wq8VA9_KfcIEdA
geo_000049,0BsoZ5dKWeM-Y9D22i_GVg
geo_000050,0D507llF-oyywqrGMVFC-w
geo_000051,0HShIpFhTfxkIPvp-DBN3g
geo_000052,0IgcIWJcU142ubgN9nJCxQ
geo_000053,0JFy3dYgZpA57APunkTJig
geo_000054,0LODwxwBXPndGi3t2HrGYA
geo_000055,0LWe5In2-N4dNtP2JbZefw
geo_000056,0M7hdyF0qzKeVS4kfzoQrw
geo_000057,0NsKwMNatvurD7UxkDEOJw
geo_000058,0RpX8mh9HNzXU4Pm_p_hNQ
geo_000059,0U03EZZ_oXku_qwA-cpXkg
geo_000060,0UJIR_b-EcTyimv6kSw05A
geo_000061,0XTUswHgDx7Kw0NL34cJgA
geo_000062,0_cqgss1kALp_NZiObmzlQ
geo_000063,0ix29LSCqe8_AAy-py_xwg
geo_000064,0jftRAOsPexvg21Ak_Ik4Q
geo_000065,0kUzgOtfdYQfqtFTLE_q5g
geo_000066,0p-uvvhj5uxYjQkBZC9avQ
geo_000067,0restohk9x1QghI-6uiamg
geo_000068,0sF8huXHy1fjjowXSRs-RA
geo_000069,0skQ7eSA0ghe8URta0fJ0w
geo_000070,0tkY2F6NY2ywFbvurkG_eQ
geo_000071,0uudzUHCcNMgZZHmBAFgmQ
geo_000072,0yR7d-m2Ksqgbczi6B5Zbw
geo_000073,0ycgjdJkGK1vZ9UWW9zMIA
geo_000074,0z5WelRG2mOoGaYtY60ZAQ
geo_000075,0zoU0_eDR0-PC7nEsMbzEA
geo_000076,12MTjpn6bIOoDndbXYFzDA
geo_000077,15J80qOqGWNL3b7RkBUIQw
geo_000078,16j7QTr0pOdajve9lYxZHg
geo_000079,1AqjvSToW9roA-jEtBR9fg
geo_000080,1BsvRPy4AfCDKxOrkURL9g
geo_000081,1CyUVEEt0XKREKL9erPscw
geo_000082,1DVxWdKvPpb_Hu3OQKZRXA
geo_000083,1G49GIqUFiLGEWJucSL7_A
geo_000084,1Gect4qtxXX6zkYXI2XySQ
geo_000085,1GzreGuy9lEZNaAoc5TPFw
geo_000086,1HIQsfvZsWCurRxxHM2Vbg
geo_000087,1KcuAXaMtJQu6c7I0dbyHg
geo_000088,1MV4ZTUGhxeeF1MPqrThAQ
geo_000089,1Nke_jNCckzulH1CJpHI7Q
geo_000090,1QquCIqY5hvqMqHV81eTVQ
geo_000091,1R0d93PfM9g5mmb_vktbNw
geo_000092,1RpWPkQQKcKFOSFK0mPKMQ
geo_000093,1SoM8l9fT3s21u9AGQ369g
geo_000094,1WiLRvi-ay6zwz_5SXBkAw
geo_000095,1_KelIeIC1WKlO223SmRmw
geo_000096,1amV98qjVwgQNZicYJB88w
geo_000097,1bWm_orfW_vb-w1xerbJkg
geo_000098,1eP6P4Gyn2oXor0d-0t4Zg
geo_000099,1k1m7uBv8hToANF0g8kLng
geo_000100,1m_s9QN8RMnpaBPsa54lHg
geo_000101,1muC8MysyfDwqUIMOcNS1Q
geo_000102,1uUtKGBdP2Kf6xUhVpRgcg
geo_000103,1vCJTjewKJD9MmmG1L2qqA
geo_000104,1vqXpjT0mbez91PogcSzOw
geo_000105,1vuBcyEMIVw6Qy1WIV7uxA
geo_000106,1zDlBAHO1DH52ApPr25jhQ
geo_000107,20TOFuKfmS9-ErNjCzwDSw
geo_000108,21mawAoi96ZvGaWGupgc4w
geo_000109,23cur1uzIW6AyoR0XuChmg
geo_000110,25ujh09SM8OCjIBH27V8bw
geo_000111,26HgXPMv89imjnyyB1uBtA
geo_000112,28fTcuros-ia1Bhu89BEAg
geo_000113,29om4lRiVcQS57HeAk1JLw
geo_000114,2BX1iuSuRh8OJU3pqdxWag
geo_000115,2CumrhgV97Q01W2DnB06KQ
geo_000116,2G8Ob_YZQTaasXRYxLpP3A
geo_000117,2GD-GQC_5CkKGwSHXiwvNg
geo_000118,2ItCl4Czl2ewdeCihn0pCg
geo_000119,2OnV7N236dtde1vR7RSskw
geo_000120,2Qtj8Bgy_I20ISZOkwBPwQ
geo_000121,2TniMHaWRvo2-LR0Uw5Ogg
geo_000122,2UyaN0UJR8292eUFv8NjOA
geo_000123,2VApQ7XDhsc7gzOY6j13_A
geo_000124,2XBlhsesFI5kxcGwDsk_qw
geo_000125,2XQKaOOKmVnNNK_7VUPAiQ
geo_000126,2Y-eVJlXgbV-xwB9ShaAuA
geo_000127,2YRPxUpBAPVH123_nJOWDw
geo_000128,2YU4SPMgXnl4pFh8ZHtohQ
geo_000129,2YgLVvb86zb3IhpWP-z_kA
geo_000130,2_Mi1Lc3qK-JAmXQFY14sg
geo_000131,2hGe0kgJmbcfZ-D5WGh88w
geo_000132,2myZDEcOCNqHxJ6HrppsLA
geo_000133,2shA8kK5vSZaQS_sY4Gw-w
geo_000134,2v0uDwnZmDjGKbu9c6fvww
geo_000135,2v8C-whs8_9nuai-vNWvqQ
geo_000136,2vHSHmxzIJdsDxyv7gRBNA
geo_000137,3-gJViF5hMj88QDj4x2xWw
geo_000138,32AtSlW9uwh8YYOjIRZ_Dg
geo_000139,34f_WNzjxeU8otQ6aRgOqQ
geo_000140,34i6Djg57cbGOqSQ8zfSeA
geo_000141,3BxeNfW0xjcqafr_9bO82w
geo_000142,3DGQDaX4eK0DAgyerpNCAA
geo_000143,3Dndhwr9swxOH8aGwILlZw
geo_000144,3FybRY2RgeQPtDl3y7l7DQ
geo_000145,3KyZ2uuHTi8C8zqi5csPZQ
geo_000146,3N8UKa0T9pv32bXQcF2wsQ
geo_000147,3O6CT04Ukmm0jQ-TmA_zyA
geo_000148,3O90rD7FKln1pNHTNDnjpw
geo_000149,3PNoM7CY02JDqPDdwE855A
geo_000150,3T0LpIq84R3SxtpxS7SN6g
geo_000151,3TqbaUjmnaPrR_DPKOtjFA
geo_000152,3VBmAlwhxE9Hn9maHRg2iw
geo_000153,3XJR4yZ1Yq4PaayDXtLLdg
geo_000154,3YAPCw5Oi4O57ufIfNdCOQ
geo_000155,3e7KGaJG5-C9dRncUcTs0g
geo_000156,3gNE3i_hQ4aQbLeCyITEiQ
geo_000157,3h2OSdEuy8oWfgK2Creqvg
geo_000158,3iAjybvj3jO_nyu-XaNRCw
geo_000159,3jn9ryzV5P6wnDhqbq-G7w
geo_000160,3l4BfYQ010ExHWYeQhcHcQ
geo_000161,3llnk_qu0oNMDlIx9NfGrQ
geo_000162,3oLO8QESo1sF9gE0Ctih0Q
geo_000163,3pxo5y6sSeYmfq6BCANPdg
geo_000164,3siuk3iov6VXomqk0pETmA
geo_000165,3srJ9kXUtMNbkMdOb03O2w
geo_000166,3tXB4LmMpudggak58IzVcg
geo_000167,3zFAxRhOu9GcnE-RiRvFmw
geo_000168,4-OUfO3LptGfxriRvatmuA
geo_000169,4-ozX178L8m8_pVtRB6p8Q
geo_000170,401iJ42UGOkE_yB5GXux4g
geo_000171,41DtWMMiI7ueLMs8KCQ5xw
geo_000172,45sw06wfsIJOBd9hy6eAVg
geo_000173,49JAt2BmJgLSsPn-jglsiQ
geo_000174,4AQuARyLIrZeN2ay5cfOyg
geo_000175,4AuCdVFmlaV_0W2K26iaAA
geo_000176,4D_g_p_QTRGlc9mlhDUyMA
geo_000177,4Nqri8C6rEkzVqI4H9VG7A
geo_000178,4P9JjhkAvcAy1LAzPfYKlA
geo_000179,4UZhlT3P75hPYQoJhOm_sA
geo_000180,4XLJi8CXZfT53zakh9yOfw
geo_000181,4ao-uOOz7uYQeSpzA45pbA
geo_000182,4bOMCpND3f4waPW6DuYkuw
geo_000183,4biqa3FH-RF-EvUcKVLlwA
geo_000184,4fWkFLNZEoDL5TjYEqVwmg
geo_000185,4j67R28s3Ot91GG3NF2lXw
geo_000186,4oGbfZ6Mbn1-Qvn6IkvJlA
geo_000187,4pDMH3VOtlGMRPd2rK8Z-A
geo_000188,4pllqZir-taKSupg-1VuNA
geo_000189,4qja7-4PZQssAOxSPuYEiA
geo_000190,4rZjfr0aL5gEhbCfV9wBkw
geo_000191,4rsiuO3714CTneWuhDpQtA
geo_000192,4uf0gTbc5keCgH4VwrHFWA
geo_000193,4zUzcMQBL79Wv1Zlmt81IA
geo_000194,4zmrT3IF1mQsW21D5lWvlg
geo_000195,514m3FPlwKvAY7rmInT8Mw
geo_000196,52P8pUxBFdX2ZTMKLcOojg
geo_000197,55ffqCfEiCX1DltmU97fZg
geo_000198,56EATLrZw1SUbOHHSrLvyw
geo_000199,56I0_pBZCnaMirPY12y-ww
geo_000200,59Ub89vgTvd8wXrXStT9jQ
geo_000201,59Xm7GZHHfiWK7IeMfgdHg
geo_000202,5AggeseqZ2m4B6gMCqrn_w
geo_000203,5CS08DyPFFR3rFlLG1R0Qw
geo_000204,5E-uBi6X_tiWS5hxpAPj6g
geo_000205,5EZTw_RBIYNp9PPsVm8CAw
geo_000206,5FLbwsWyUy4oWEKV7-pPGA
geo_000207,5H5dja6Qo9dmh3zjBrUkEg
geo_000208,5HHpEwpr08gH_BXXIThhCQ
geo_000209,5IEUNOU4j4sEh6lZNJ1exw
geo_000210,5IcOL-j24X1bQwrH1LU5RQ
geo_000211,5IwKoMCXkGr2Sp21uype7A
geo_000212,5PAaPWzfxL3JWvPzdJrgfg
geo_000213,5SsyqzrKSPQh8S5iUDSbCQ
geo_000214,5T9trXzSCf-WD6aDjRNSPA
geo_000215,5Tp2Cc7aZdgqSfP78Z75VQ
geo_000216,5U6CQQ1F4NrH4R-m1u38rA
geo_000217,5WOOyEuynVd3h40tiTSkpA
geo_000218,5Xvyxbo7Zp0LPhH-U7ONjw
geo_000219,5e2Ny2jXIO9EYMtuVVnT7w
geo_000220,5eJCbdpFZnTGi51FYmJe_g
geo_000221,5eXSqrpdD83DaOicnFwDVg
geo_000222,5egUrkvs9bxGpwAGj58mGg
geo_000223,5f14X55vBE2GNovpLGQxyw
geo_000224,5keEnreUUJbcsHK5Ywr7hg
geo_000225,5kk4PHSjWbTo5E3VovxEqQ
geo_000226,5nWnWhGpVoXjxS0_72Wkog
geo_000227,5ooaw2EgXg-OPFHlBKKDww
geo_000228,5p_7A9CDgLNFOVNhhzBcRw
geo_000229,5tjwaNw567TsDLTKG23Nlg
geo_000230,5uM-ghiQjUX7r2PEELiEJA
geo_000231,5xRLSPIiPTcknqo5-5YQxw
geo_000232,5xd01cInZVO0M5WEYaNCJA
geo_000233,5xfd3dPXTdaltbVOCKN5JA
geo_000234,61w0vBsX92Jh8B-y9tZRxw
geo_000235,63vUoGL6gXop9_gqCnv5Hw
geo_000236,64L1tdIKpNGhaUdxZsHTIw
geo_000237,64t26CT_lBfKrsF_AlA3fQ
geo_000238,66fTwVM7ewi-FxM7Fg1v5g
geo_000239,66mpuWkOftjMkLOd70oQ_w
geo_000240,679Z1fExjY_sqPB-fDshRw
geo_000241,67nMbTiFK06SbobsWZD4tw
geo_000242,6AfzIgDbZKKyPHpYCCtxuQ
geo_000243,6At7Q66zwFlzfr8hu_OGfQ
geo_000244,6DySeHMCEH6ruxJLz_6ARw
geo_000245,6EqGpOj0x32zfx_XsS0lMg
geo_000246,6F9DnuUf5yWwY_Sx5rNBYg
geo_000247,6Few1DQCnF8qHFCI0aeg9g
geo_000248,6IpL3LNTcEFi-ltc_7lg0A
geo_000249,6JIwDkTZb7Ut6GoTyYaPgw
geo_000250,6LGpwiCOBulKDv8wTci69Q
geo_000251,6MxDc7JH7ahHqf9dQeTtIA
geo_000252,6NUzMAuDAvM0e4mhp8u4yg
geo_000253,6Y1Qgb0Dlw-MAsazHluFCA
geo_000254,6Z3wxVxxWslchEwMrXSSLA
geo_000255,6awiqAAg3hVKf1dbv4Y51A
geo_000256,6c9i2cdPjAeSiQjW9ClMiA
geo_000257,6eEPnWejiiXNLg-T_dJXNA
geo_000258,6hnbKVjZJS6VuqycWNjHZg
geo_000259,6khRddPYKXsbZNMO-TSo4Q
geo_000260,6qHVh9IdNUsGmDKwk3JMFA
geo_000261,6rhaw7zZlAom2OGGdnyaAg
geo_000262,6sNH8RtWzJuXEe6CWCQ7zQ
geo_000263,6uDHaghX2u0Pq0ZSBk7PRQ
geo_000264,6wlzdRSVNx7isXM9-2BrlQ
geo_000265,6wpFPhf8cSUbmtO7CWWzCQ
geo_000266,71GgZjVv7tsJvFJhM0BpTQ
geo_000267,71h94MKir5syTbk57JI8Qw
geo_000268,73W7DfbSF6XX2fEpRkj0qg
geo_000269,76uhByBuK7hUdwfZVZPegg
geo_000270,789lMJZu5EEag7xc50zsAg
geo_000271,7BT_3lX1toNNIqJ4Xpqumg
geo_000272,7CWw-LdHbwiqOiUMZQZlFg
geo_000273,7IgOgJYLTVHGF36GpDGrGQ
geo_000274,7NkKaA3qN8LRJU171MN_9A
geo_000275,7O1FIAIpk4W6fha01_l4QQ
geo_000276,7Ry20vm0zlEtHt6AQB-MuA
geo_000277,7SbmUH6VASFIeO5b2N_8uA
geo_000278,7Tj_ffZFc60WPU8ooHXC0A
geo_000279,7V8usmb537rBX1jBUU53VQ
geo_000280,7VgjJ9ZS7qKwArqth7WaLg
geo_000281,7WTuOFLOEDGaqCMsil1gJg
geo_000282,7WnZ_u-X7I5GPbbxhvf4Ug
geo_000283,7XC-iCY5Ndh7XIhMgv-rxQ
geo_000284,7ZaA-fOwBcG-2fPOq1ucRw
geo_000285,7a5LIOGHz48Q_hDpWmHkrQ
geo_000286,7bVNITC3wmzIKKBAm8heRQ
geo_000287,7dOtSdINNcXB4dYgNVDchA
geo_000288,7gbO1-tvWIm551vqQldUcw
geo_000289,7jZA9irD38EX1RbY1EmbFA
geo_000290,7m8KoIvz4nXo5Y6HMvC4WQ
geo_000291,7mHTsKsAWcETnSzJEk-q4w
geo_000292,7nWGnw2qsnmhSWeQ0g08Cg
geo_000293,7o7sDyrwGy9zqhHhbpDoCw
geo_000294,7qFjgJuJXvPdSj6GRvcSfw
geo_000295,7v4Q9ozjvxY820gp12OS7w
geo_000296,8-oPYGnJ-ILzyejimBXblw
geo_000297,85HCuJKNdFYEAZqFXDw1Lg
geo_000298,89Co3wm0OFZNFZ2o_1ElPw
geo_000299,8D6j3o_Cx7-G0ucLdSg1dA
geo_000300,8DtWyEZCkLg3ERleXFxAYQ
geo_000301,8FCzgTWq0FWh2-hSXpYDmQ
geo_000302,8LdrYlKTBlytCZFREW357g
geo_000303,8PEnHsBtxUMTI38JDyxGEQ
geo_000304,8Q68lasZwf5i6en8LPJrMA
geo_000305,8Q9RNoggtT4Zsfll8TqP-w
geo_000306,8Qq1-fN3UmoDZr2R1MqOrg
geo_000307,8SXUp3S6zzbAOXy0dFjTQg
geo_000308,8c5_BOJARe35f6Vc1t3q6Q
geo_000309,8fJzqIX5Zl-8CzUXt7-umw
geo_000310,8jBvfenqNGndf-BNnJTD1Q
geo_000311,8jv9I0LaX-0GlEf0ls-N7g
geo_000312,8t_UPxIoJJPXr5-fZ6y4eA
geo_000313,8viUfh62XlKgqIWuTk2yFA
geo_000314,8wbII95ZdMDo8bga1yJ8cg
geo_000315,919NDHlkoKUxIzyhpdEJvg
geo_000316,927ASoNRcEcB7PaH13Qdig
geo_000317,92o0ovcuAX9E9DFYVRoT7w
geo_000318,92qfWCp_9-ivcKA_91n_Mg
geo_000319,93d--zT8R3Zbe1IMeMqUYA
geo_000320,99gridVearSjuzoD_eVUqw
geo_000321,99n3oO-U4GquFlfQegSH2g
geo_000322,9BnK_GigSv9d8VyR2GmsbA
geo_000323,9C5Aq4rl54jFtArGCOCnsA
geo_000324,9EPoKlH--04al5z0roSn9w
geo_000325,9FhoJ-cOuQeE7ZSjtgTQFA
geo_000326,9Hxm4rerX_WW0nMzIT3UeQ
geo_000327,9INlPB02GxvCsz8e66ZSdA
geo_000328,9Ou49hRs893W5ERpfOGufw
geo_000329,9Puap_Cnz9TLPVAmGmfglQ
geo_000330,9Qs6_ZN5dCsCBXs6nkqG9g
geo_000331,9RsoSM9hbFGOKls8F---Jg
geo_000332,9XW95J7s4VvCkz5L-fI5SA
geo_000333,9XhzxjcQLNr_DK9PTPhPJQ
geo_000334,9Y7p_UkkFdfQcJXvpqwiDQ
geo_000335,9YLlRFfje1970KGfPLbeDA
geo_000336,9_icgbCuTqux0z7mT3IMmg
geo_000337,9fMjb2-e8qp7OE_m-ZS8Aw
geo_000338,9fTerUBWhyTwE67YdYENTg
geo_000339,9hwv3C9D3VmoEnsdYdDTbQ
geo_000340,9mvBgHioQ3N2sYpO7I5h-Q
geo_000341,9oqblevslpGOTlmvPtD3aQ
geo_000342,9peK7vwnmykQIcNRHeQ7jQ
geo_000343,9s4oocUui8UG3s3_Mnvl2g
geo_000344,9ulxq2JfQn9IuNasaULAUA
geo_000345,9uybAwZMw3qQId8FDzuejA
geo_000346,9zVszYhDqFB3kMPRSxaFIA
geo_000347,A23Tm2McIDbYQXxWxjbMrw
geo_000348,A3kePHLwNCIorX35XtbOag
geo_000349,A50Tc1XnP8VuZR7YrfAcnQ
geo_000350,A5sEDKnkawTr8NDHIlr_8A
geo_000351,AA-SmpnqJsfOqtxr-_zrew
geo_000352,AC0AYQXuE80qPAIYNEviJQ
geo_000353,AEvXuDzWsbakYKI39eizSQ
geo_000354,AGikmPD79XY5xaF7sYjoaw
geo_000355,AHLHxbQ2xu5uOJ1U_GtIKg
geo_000356,AK5yxmzqk8ELtINu8ngBGg
geo_000357,AKZZuhmjpS3hevkCIWiUXw
geo_000358,APhLst3aY0pDwKLqxfnZBw
geo_000359,AQy5uEvjeRKo8rSYgUkmyQ
geo_000360,AXtbJ1tbk8sue5yYk6hPMA
geo_000361,A_aTSeLI981A2kzE_wb7Ww
geo_000362,AaoAnQq2pk1CnuNhoh9R0w
geo_000363,AgUHDqB60ypRXirRAf7xlQ
geo_000364,AgyeKk1vNa_HZE35nNVObw
geo_000365,Ai3DyumTi7xLGKQx9ePCQg
geo_000366,Ai4s_gvp5mHYC7wl3M3IVA
geo_000367,AlRqTjttyml_1uqlRZjKYw
geo_000368,AmzJ69zzF-O-uER1_VX7jw
geo_000369,AomAF9i4PMwpaDCZxxcjdw
geo_000370,AqWrC6xDGdDypzuuVtMU-g
geo_000371,Aqgj6YjZkXTBjOoWgKA4gA
geo_000372,Ar1nKSpbo3pF_pA-6eAvaQ
geo_000373,AslmXzSRSFhEyT4ACHQzRg
geo_000374,AvE2e0UxvZoBvcWAxtMwcA
geo_000375,AvQ-gVTBPU3TFnAkpu0gaw
geo_000376,Aw0wsvFvOfxeu8Y6CzeY2g
geo_000377,AypdIaLkVH4pmcukNS20dw
geo_000378,B4QgnMwE1aaiUSQaRCVE8A
geo_000379,B6Xja1Kb385izckoX3DQgg
geo_000380,B9biE4wg7YbXXFz1HMjTBA
geo_000381,BGDlgiLoOKRGfmPPr3iE6g
geo_000382,BGn7R-P0PNFce94eLu4uWg
geo_000383,BKxNFwFrObphaOuNx0AhTQ
geo_000384,BMvMHZM41PgulodqvvcQTw
geo_000385,BO2A2iX0USoZxUoIYVcv1w
geo_000386,BQ8gJOf2vwktQMHcjecOeQ
geo_000387,BQorjmAExdB3ee958W9vtw
geo_000388,BSvDaTjIM-lhAXBTCJjyJg
geo_000389,B_NOAZ30wsePaun9ht3UhA
geo_000390,B_U3j7oNSxOshxI90SoKLw
geo_000391,B_ovMGnFhY_0M_AVIB2v3A
geo_000392,BbpW0oke9X9QcAQyZNfZ1g
geo_000393,BfIy4rMsUKdZ27yQb75OZA
geo_000394,BgV_DKEVUZh5LW8pQbcBCQ
geo_000395,BiOY_Z1ZHoBF7EBPobCNIw
geo_000396,BiUCeMc9wrm8toT1p5PgNw
geo_000397,Bk6J9m8cnLBZObrTl1h13A
geo_000398,BkQ-foaFpFav_IW99SvczA
geo_000399,Bljb7a1Ybdr8o0pSqxU8pw
geo_000400,BmiMXCXoQ3Y0mkSpUJ87AQ
geo_000401,Bn5mtD0s8IsRsH3YaWxDTQ
geo_000402,BpTfwqmV0vJUB9vPYcrgZQ
geo_000403,BtPUktKieF97xwZRhl3KEg
geo_000404,BuWshL0snghGOgszVaWFAw
geo_000405,BwKCGiuvUOrU0NowJWtYkw
geo_000406,Bwj7FZ2kCiIGMo00xHthEQ
geo_000407,ByaajE0LdoHSzD7MF1otQA
geo_000408,ByyOmK5q8TSTv7TPH5JdGA
geo_000409,C0Qr48McjwWciEeD9guOkw
geo_000410,C7HssWoXQoAfcQBgDV0bRw
geo_000411,C8YITLKDSS1fzVBgfNQbSA
geo_000412,C9tEswBttrmI58HUW_dEwg
geo_000413,CAoSF0NJSE0wb2dLRUlDQWdJQ0ItYmJPNHdF
geo_000414,CAoSF0NJSE0wb2dLRUlDQWdJQ0UwS0tFdUFF
geo_000415,CAoSF0NJSE0wb2dLRUlDQWdJQ0UwSkdtaEFF
geo_000416,CAoSF0NJSE0wb2dLRUlDQWdJQ0VxZlRjaHdF
geo_000417,CAoSF0NJSE0wb2dLRUlDQWdJQ0VxdkdZNGdF
geo_000418,CAoSF0NJSE0wb2dLRUlDQWdJQ0VySjd3aVFF
geo_000419,CAoSF0NJSE0wb2dLRUlDQWdJQ0hzN2FYMWdF
geo_000420,CAoSF0NJSE0wb2dLRUlDQWdJQ0hzN2FYN2dF
geo_000421,CAoSF0NJSE0wb2dLRUlDQWdJQ0o2WmY5blFF
geo_000422,CAoSF0NJSE0wb2dLRUlDQWdJQ0p3YUhTendF
geo_000423,CAoSF0NJSE0wb2dLRUlDQWdJQ2Jub0hkbndF
geo_000424,CAoSF0NJSE0wb2dLRUlDQWdJQ2V0TXZMb2dF
geo_000425,CAoSF0NJSE0wb2dLRUlDQWdJQ2VwNVAycVFF
geo_000426,CAoSF0NJSE0wb2dLRUlDQWdJQ2VxZDNxckFF
geo_000427,CAoSF0NJSE0wb2dLRUlDQWdJQ2huX2VXNGdF
geo_000428,CAoSF0NJSE0wb2dLRUlDQWdJQ2k2OVMzZ3dF
geo_000429,CAoSF0NJSE0wb2dLRUlDQWdJQ2s3STN4d1FF
geo_000430,CAoSF0NJSE0wb2dLRUlDQWdJQ3FwYXZObHdF
geo_000431,CAoSF0NJSE0wb2dLRUlDQWdJQ3U5SV9hMVFF
geo_000432,CAoSF0NJSE0wb2dLRUlDQWdJQ3UwSVdzb2dF
geo_000433,CAoSF0NJSE0wb2dLRUlDQWdJQ3gxNWV0NVFF
geo_000434,CAoSF0NJSE0wb2dLRUlDQWdJQ3h6TVRfNFFF
geo_000435,CAoSF0NJSE0wb2dLRUlDQWdJQ3hfSWJMNWdF
geo_000436,CAoSF0NJSE0wb2dLRUlDQWdJQ3hqSTJDMEFF
geo_000437,CAoSF0NJSE0wb2dLRUlDQWdJQ3hqSTJDc0FF
geo_000438,CAoSF0NJSE0wb2dLRUlDQWdJQ3k0Zl9sLVFF
geo_000439,CAoSF0NJSE0wb2dLRUlDQWdJQ3lsc0RjcWdF
geo_000440,CAoSF0NJSE0wb2dLRUlDQWdJQ3lwc21YcWdF
geo_000441,CAoSF0NJSE0wb2dLRUlDQWdJQy1pZS1Qa2dF
geo_000442,CAoSF0NJSE0wb2dLRUlDQWdJQy1qYVR5NUFF
geo_000443,CAoSF0NJSE0wb2dLRUlDQWdJQy1sc242aHdF
geo_000444,CAoSF0NJSE0wb2dLRUlDQWdJQy1wb2Y1b2dF
geo_000445,CAoSF0NJSE0wb2dLRUlDQWdJQzQ5S3ZuMkFF
geo_000446,CAoSF0NJSE0wb2dLRUlDQWdJQzQ5TnVKbndF
geo_000447,CAoSF0NJSE0wb2dLRUlDQWdJQzRwNVRzeUFF
geo_000448,CAoSF0NJSE0wb2dLRUlDQWdJQzZsZURFd3dF
geo_000449,CAoSF0NJSE0wb2dLRUlDQWdJRDQ2WkxROHdF
geo_000450,CAoSF0NJSE0wb2dLRUlDQWdJRDR2N1h1aUFF
geo_000451,CAoSF0NJSE0wb2dLRUlDQWdJRDR2WW5wMGdF
geo_000452,CAoSF0NJSE0wb2dLRUlDQWdJRDRzdTN1OHdF
geo_000453,CAoSF0NJSE0wb2dLRUlDQWdJRE91NTdSaUFF
geo_000454,CAoSF0NJSE0wb2dLRUlDQWdJRE94ZVNQMGdF
geo_000455,CAoSF0NJSE0wb2dLRUlDQWdJRE9rclhJbmdF
geo_000456,CAoSF0NJSE0wb2dLRUlDQWdJRE9tY0dyNndF
geo_000457,CAoSF0NJSE0wb2dLRUlDQWdJREItLW1XendF
geo_000458,CAoSF0NJSE0wb2dLRUlDQWdJREIyb1gtcWdF
geo_000459,CAoSF0NJSE0wb2dLRUlDQWdJREIyb1h5cXdF
geo_000460,CAoSF0NJSE0wb2dLRUlDQWdJREIyc21xaHdF
geo_000461,CAoSF0NJSE0wb2dLRUlDQWdJREIyc244aUFF
geo_000462,CAoSF0NJSE0wb2dLRUlDQWdJREIyc25pclFF
geo_000463,CAoSF0NJSE0wb2dLRUlDQWdJREU4T1hWM2dF
geo_000464,CAoSF0NJSE0wb2dLRUlDQWdJREU4TFdJb2dF
geo_000465,CAoSF0NJSE0wb2dLRUlDQWdJREU4UG5icmdF
geo_000466,CAoSF0NJSE0wb2dLRUlDQWdJREU5ZTJVZ3dF
geo_000467,CAoSF0NJSE0wb2dLRUlDQWdJREUySUhxX2dF
geo_000468,CAoSF0NJSE0wb2dLRUlDQWdJREV2SzJjc0FF
geo_000469,CAoSF0NJSE0wb2dLRUlDQWdJREVnTXVRckFF
geo_000470,CAoSF0NJSE0wb2dLRUlDQWdJREVsb1NYX3dF
geo_000471,CAoSF0NJSE0wb2dLRUlDQWdJREVyWXlUelFF
geo_000472,CAoSF0NJSE0wb2dLRUlDQWdJREVzb3ZwOWdF
geo_000473,CAoSF0NJSE0wb2dLRUlDQWdJREVzcHZueVFF
geo_000474,CAoSF0NJSE0wb2dLRUlDQWdJREhwLVNsc0FF
geo_000475,CAoSF0NJSE0wb2dLRUlDQWdJRFJfZDdpMHdF
geo_000476,CAoSF0NJSE0wb2dLRUlDQWdJRFJwY0Nrb1FF
geo_000477,CAoSF0NJSE0wb2dLRUlDQWdJRFR4N0hZelFF
geo_000478,CAoSF0NJSE0wb2dLRUlDQWdJRFRwOURJckFF
geo_000479,CAoSF0NJSE0wb2dLRUlDQWdJRFVzZDZ1M1FF
geo_000480,CAoSF0NJSE0wb2dLRUlDQWdJRGE0NUcwb3dF
geo_000481,CAoSF0NJSE0wb2dLRUlDQWdJRGE0NlQzMUFF
geo_000482,CAoSF0NJSE0wb2dLRUlDQWdJRGE1NW5Da1FF
geo_000483,CAoSF0NJSE0wb2dLRUlDQWdJRGE2LUs2akFF
geo_000484,CAoSF0NJSE0wb2dLRUlDQWdJRGE2LWZHcXdF
geo_000485,CAoSF0NJSE0wb2dLRUlDQWdJRGE4NldweGdF
geo_000486,CAoSF0NJSE0wb2dLRUlDQWdJRGE4OG5lekFF
geo_000487,CAoSF0NJSE0wb2dLRUlDQWdJRGE4YTZyendF
geo_000488,CAoSF0NJSE0wb2dLRUlDQWdJRGEwNHVEeFFF
geo_000489,CAoSF0NJSE0wb2dLRUlDQWdJRGEzWmpieXdF
geo_000490,CAoSF0NJSE0wb2dLRUlDQWdJRGF3NzN4M1FF
geo_000491,CAoSF0NJSE0wb2dLRUlDQWdJRGF5X1BMMHdF
geo_000492,CAoSF0NJSE0wb2dLRUlDQWdJRGFpOU9HcndF
geo_000493,CAoSF0NJSE0wb2dLRUlDQWdJRGFrNWJhbkFF
geo_000494,CAoSF0NJSE0wb2dLRUlDQWdJRGFrNnJJc1FF
geo_000495,CAoSF0NJSE0wb2dLRUlDQWdJRGFtN1BxcUFF
geo_000496,CAoSF0NJSE0wb2dLRUlDQWdJRGFwLUxvandF
geo_000497,CAoSF0NJSE0wb2dLRUlDQWdJRGFxNld1bWdF
geo_000498,CAoSF0NJSE0wb2dLRUlDQWdJRGN6SnF0OHdF
geo_000499,CAoSF0NJSE0wb2dLRUlDQWdJRGU5WjdGa0FF
geo_000500,CAoSF0NJSE0wb2dLRUlDQWdJRGV6Nk9BNGdF
geo_000501,CAoSF0NJSE0wb2dLRUlDQWdJRGVfUFd4dXdF
geo_000502,CAoSF0NJSE0wb2dLRUlDQWdJRGgtLU9mdFFF
geo_000503,CAoSF0NJSE0wb2dLRUlDQWdJRHE3WS1GaVFF
geo_000504,CAoSF0NJSE0wb2dLRUlDQWdJRHE3YWJJc1FF
geo_000505,CAoSF0NJSE0wb2dLRUlDQWdJRHF2WjIydVFF
geo_000506,CAoSF0NJSE0wb2dLRUlDQWdJRHF2YmZ2ckFF
geo_000507,CAoSF0NJSE0wb2dLRUlDQWdJRHF2ZHVyc2dF
geo_000508,CAoSF0NJSE0wb2dLRUlDQWdJRHF2Zk91MkFF
geo_000509,CAoSF0NJSE0wb2dLRUlDQWdJRHF2ZlgyNmdF
geo_000510,CAoSF0NJSE0wb2dLRUlDQWdJRHF3NVhiNVFF
geo_000511,CAoSF0NJSE0wb2dLRUlDQWdJRHF4ZFdGdVFF
geo_000512,CAoSF0NJSE0wb2dLRUlDQWdJRHF6WkwxOUFF
geo_000513,CAoSF0NJSE0wb2dLRUlDQWdJRHFoYmFhNUFF
geo_000514,CAoSF0NJSE0wb2dLRUlDQWdJRHFpNHlUN1FF
geo_000515,CAoSF0NJSE0wb2dLRUlDQWdJRHFyZW13MlFF
geo_000516,CAoSF0NJSE0wb2dLRUlDQWdJRHFyZWZlaUFF
geo_000517,CAoSF0NJSE0wb2dLRUlDQWdJRHY3ZWppM2dF
geo_000518,CAoSF0NJSE0wb2dLRUlDQWdJRHhwNG1GOWdF
geo_000519,CAoSFENJSE0wb2dLRUlDQWdJQzRwc3BY
geo_000520,CAoSFENJSE0wb2dLRUlDQWdJRHFoYTlQ
geo_000521,CAoSFkNJSE0wb2dLRUlDQWdJQ01nSmFlR3c.
geo_000522,CAoSFkNJSE0wb2dLRUlDQWdJQ0ItYXJuSVE.
geo_000523,CAoSFkNJSE0wb2dLRUlDQWdJQ0UtdV84ZWc.
geo_000524,CAoSFkNJSE0wb2dLRUlDQWdJQ0V4S1RJQXc.
geo_000525,CAoSFkNJSE0wb2dLRUlDQWdJQ0VodV9vWWc.
geo_000526,CAoSFkNJSE0wb2dLRUlDQWdJQ0c5UFdzSEE.
geo_000527,CAoSFkNJSE0wb2dLRUlDQWdJQ2IzcE9aV2c.
geo_000528,CAoSFkNJSE0wb2dLRUlDQWdJQ2M3ZURvUXc.
geo_000529,CAoSFkNJSE0wb2dLRUlDQWdJQ2Q4UF85VXc.
geo_000530,CAoSFkNJSE0wb2dLRUlDQWdJQ2U3ZTZnVWc.
geo_000531,CAoSFkNJSE0wb2dLRUlDQWdJQ2V3OS11ZGc.
geo_000532,CAoSFkNJSE0wb2dLRUlDQWdJQ2VnN3VQQ1E.
geo_000533,CAoSFkNJSE0wb2dLRUlDQWdJQ2VzX251V1E.
geo_000534,CAoSFkNJSE0wb2dLRUlDQWdJQ2hrYjd1VHc.
geo_000535,CAoSFkNJSE0wb2dLRUlDQWdJQ2huLWU2ZXc.
geo_000536,CAoSFkNJSE0wb2dLRUlDQWdJQ2huNV82SWc.
geo_000537,CAoSFkNJSE0wb2dLRUlDQWdJQ2puNUx0R3c.
geo_000538,CAoSFkNJSE0wb2dLRUlDQWdJQ3FyNGJKRXc.
geo_000539,CAoSFkNJSE0wb2dLRUlDQWdJQ3M0cEd5R0E.
geo_000540,CAoSFkNJSE0wb2dLRUlDQWdJQ3VqTTdZSVE.
geo_000541,CAoSFkNJSE0wb2dLRUlDQWdJQ3VwUGYzQnc.
geo_000542,CAoSFkNJSE0wb2dLRUlDQWdJQ3gxWXF5Ymc.
geo_000543,CAoSFkNJSE0wb2dLRUlDQWdJQ3h0NGo5RlE.
geo_000544,CAoSFkNJSE0wb2dLRUlDQWdJQ3hsX3lYZUE.
geo_000545,CAoSFkNJSE0wb2dLRUlDQWdJQ3k4ZGZtYVE.
geo_000546,CAoSFkNJSE0wb2dLRUlDQWdJQ3lsb3laYnc.
geo_000547,CAoSFkNJSE0wb2dLRUlDQWdJQzQ5SXZ2WGc.
geo_000548,CAoSFkNJSE0wb2dLRUlDQWdJRC0zTm5BVVE.
geo_000549,CAoSFkNJSE0wb2dLRUlDQWdJRDQ4UERnQmc.
geo_000550,CAoSFkNJSE0wb2dLRUlDQWdJRDR0TW1uSUE.
geo_000551,CAoSFkNJSE0wb2dLRUlDQWdJRDR2Njc5Ync.
geo_000552,CAoSFkNJSE0wb2dLRUlDQWdJRDR4by1hWlE.
geo_000553,CAoSFkNJSE0wb2dLRUlDQWdJRDh2YXE2TXc.
geo_000554,CAoSFkNJSE0wb2dLRUlDQWdJRE84N3liZGc.
geo_000555,CAoSFkNJSE0wb2dLRUlDQWdJREIyb1h5R3c.
geo_000556,CAoSFkNJSE0wb2dLRUlDQWdJREQ5UF82Y2c.
geo_000557,CAoSFkNJSE0wb2dLRUlDQWdJREUxTk9DZXc.
geo_000558,CAoSFkNJSE0wb2dLRUlDQWdJREV1TldXZVE.
geo_000559,CAoSFkNJSE0wb2dLRUlDQWdJREV6dXlVRGc.
geo_000560,CAoSFkNJSE0wb2dLRUlDQWdJREVoWkd3U2c.
geo_000561,CAoSFkNJSE0wb2dLRUlDQWdJREVrZXU2T2c.
geo_000562,CAoSFkNJSE0wb2dLRUlDQWdJREVvdjJHS1E.
geo_000563,CAoSFkNJSE0wb2dLRUlDQWdJREtsYVhHV2c.
geo_000564,CAoSFkNJSE0wb2dLRUlDQWdJRFJ4ZDJrS2c.
geo_000565,CAoSFkNJSE0wb2dLRUlDQWdJRFJfWnF3Ymc.
geo_000566,CAoSFkNJSE0wb2dLRUlDQWdJRFJfZDdtUEE.
geo_000567,CAoSFkNJSE0wb2dLRUlDQWdJRFQ1NnZpWkE.
geo_000568,CAoSFkNJSE0wb2dLRUlDQWdJRFUwdVdTUmc.
geo_000569,CAoSFkNJSE0wb2dLRUlDQWdJRGE1X3VVSXc.
geo_000570,CAoSFkNJSE0wb2dLRUlDQWdJRGE2ZGVyUVE.
geo_000571,CAoSFkNJSE0wb2dLRUlDQWdJRGE4OUxnQVE.
geo_000572,CAoSFkNJSE0wb2dLRUlDQWdJRGEwN0NOWHc.
geo_000573,CAoSFkNJSE0wb2dLRUlDQWdJRGEwYUdnV1E.
geo_000574,CAoSFkNJSE0wb2dLRUlDQWdJRGExNnpiV3c.
geo_000575,CAoSFkNJSE0wb2dLRUlDQWdJRGEzZVNrQXc.
geo_000576,CAoSFkNJSE0wb2dLRUlDQWdJRGEzZld0S0E.
geo_000577,CAoSFkNJSE0wb2dLRUlDQWdJRGF2WmlZVVE.
geo_000578,CAoSFkNJSE0wb2dLRUlDQWdJRGF5OC1SWEE.
geo_000579,CAoSFkNJSE0wb2dLRUlDQWdJRGFfYy1oZnc.
geo_000580,CAoSFkNJSE0wb2dLRUlDQWdJRGFfZExnSHc.
geo_000581,CAoSFkNJSE0wb2dLRUlDQWdJRGFfZkRUZEE.
geo_000582,CAoSFkNJSE0wb2dLRUlDQWdJRGFpNjN2ZGc.
geo_000583,CAoSFkNJSE0wb2dLRUlDQWdJRGFrNG5sV2c.
geo_000584,CAoSFkNJSE0wb2dLRUlDQWdJRGFrNnpyRHc.
geo_000585,CAoSFkNJSE0wb2dLRUlDQWdJRGFrSUtBUVE.
geo_000586,CAoSFkNJSE0wb2dLRUlDQWdJRGFrXy1URHc.
geo_000587,CAoSFkNJSE0wb2dLRUlDQWdJRGFwOXZCRXc.
geo_000588,CAoSFkNJSE0wb2dLRUlDQWdJRGJnb0RVRWc.
geo_000589,CAoSFkNJSE0wb2dLRUlDQWdJRGM1LVRiRHc.
geo_000590,CAoSFkNJSE0wb2dLRUlDQWdJRGN5N1d6WkE.
geo_000591,CAoSFkNJSE0wb2dLRUlDQWdJRGZ2NF9TWFE.
geo_000592,CAoSFkNJSE0wb2dLRUlDQWdJRGhzWTdGUXc.
geo_000593,CAoSFkNJSE0wb2dLRUlDQWdJRGp6cXlUTGc.
geo_000594,CAoSFkNJSE0wb2dLRUlDQWdJRGpqdEt1TkE.
geo_000595,CAoSFkNJSE0wb2dLRUlDQWdJRGpvZEtjUFE.
geo_000596,CAoSFkNJSE0wb2dLRUlDQWdJRHE3WVdGTkE.
geo_000597,CAoSFkNJSE0wb2dLRUlDQWdJRHE3WXpnQ2c.
geo_000598,CAoSFkNJSE0wb2dLRUlDQWdJRHE4NjZtZlE.
geo_000599,CAoSFkNJSE0wb2dLRUlDQWdJRHF2ZVNJYnc.
geo_000600,CAoSFkNJSE0wb2dLRUlDQWdJRHF3N0tyYmc.
geo_000601,CAoSFkNJSE0wb2dLRUlDQWdJRHF4ZERHVnc.
geo_000602,CAoSFkNJSE0wb2dLRUlDQWdJRHF5XzZVWlE.
geo_000603,CAoSFkNJSE0wb2dLRUlDQWdJRHF6ZUxUWFE.
geo_000604,CAoSFkNJSE0wb2dLRUlDQWdJRHFoYnp6Umc.
geo_000605,CAoSFkNJSE0wb2dLRUlDQWdJRHFzXy1TTVE.
geo_000606,CAoSFkNJSE0wb2dLRUlDQWdJRHVscmpLVmc.
geo_000607,CAoSFkNJSE0wb2dLRUlDQWdJRHhwOG5lVWc.
geo_000608,CAoSFkNJSE0wb2dLRUlDQWdJRHk3Y1dJS2c.
geo_000609,CAoSHENJQUJJaEF2MmdGSFE1dTN3MmVtaWM2QzdmNDU.
geo_000610,CAoSHENJQUJJaEFEeWNLejRpTlZoV2dRZEdBQUNnZUc.
geo_000611,CAoSHENJQUJJaEFEeWRkbXFSS0JfbWV3SG40QUNCUmE.
geo_000612,CAoSHENJQUJJaEFHYnlmUV9nYnd1bWUtNl9jQUNiVFY.
geo_000613,CAoSHENJQUJJaEJGRWwzczg4VDdGSUg1dVVhNHRjUDQ.
geo_000614,CAoSHENJQUJJaEJGdHluT09IeUNBY21Zbzl6WjdRaEQ.
geo_000615,CAoSHENJQUJJaEJTMnd1bjF2T1VuMF9GbVNFb0ZJcFA.
geo_000616,CAoSHENJQUJJaEMwQkt3aWZPRUZzSXRKamtrWHhnZEQ.
geo_000617,CAoSHENJQUJJaENFZDZsVFoyTXNyTG5fOFdzeTZtbFo.
geo_000618,CAoSHENJQUJJaERVR3AwY000U0JNUkJwWEZhRUN2ci0.
geo_000619,CAoSHENJQUJJaERYSDdyLV94dzBlN1o1ZEdnTF8yVUo.
geo_000620,CAoSHENJQUJJaERfdTVEazhtYnllalc2RlhHZV9PdVQ.
geo_000621,CApcxJLziE5Fn74DaUnTyA
geo_000622,CB9FJ8irBmqOk7GxKDzAXQ
geo_000623,CHZEwMb6SSxMQYuVJcEZfQ
geo_000624,CJSpXf0fTHcq0aIx4NJ0Dw
geo_000625,CQ2RmRE_g44UREk4eeoBoA
geo_000626,CQCYNadprM_vo9etHlPV2g
geo_000627,CRQhs9oWDpuis1gI1V5Usw
geo_000628,CT-NpS2Pb7xnWyxisD6i0g
geo_000629,CWd9BwTt7c6BC5Rhinvxvw
geo_000630,CWzE5ugw3jsI2YeKPNQNEA
geo_000631,CYCd9Kejx0bT6ZIRAyNJYw
geo_000632,C_3pzLltHoM1HWmiZcLm2g
geo_000633,CcaLP3YK0hPOBaioGXrmUQ
geo_000634,Cdvx2ZjMpztO8AyrcXZ7oQ
geo_000635,CfqhsfskIqT4Jykz3bdIog
geo_000636,CiJWIclgsMWOL7ev4G2OhQ
geo_000637,CjU7ergrz4MpFJgrlCw-Mw
geo_000638,CmoThMYSibXoaKAxdeS7rg
geo_000639,CmzIL_L1QjA0YL9aVup8Pw
geo_000640,CndFi6u2_DxAHTgb_2FfZQ
geo_000641,CpZ7z8P7PUWbodyC90HK0Q
geo_000642,CqNEQp7UNfGPUeBkqcmM5w
geo_000643,CsLUfNFvUVZFHJe2rZfVbQ
geo_000644,Ct42PFR-ptOoy5UODtb7Og
geo_000645,CzvEXxG0Eb-Glv25oWaj_g
geo_000646,D1Kfm4k0g1KwwrzNVB-3Og
geo_000647,D6Yd6xXtq51p4DOy2HOIrg
geo_000648,D9NNklR-HVkpsZFRRnUkcg
geo_000649,DAXLZ_xTu6WzSh9tpBcrvA
geo_000650,DAf6Xf9ZBmozY-ky92Y7rQ
geo_000651,DGCghY8HetanUC2J3kv5lA
geo_000652,DKPsB8gRNcSlhOi0k2zAfQ
geo_000653,DN5L_Wj00UQjmb5UAnJQZg
geo_000654,DP5sbw7DTbrGFecq1I1XYA
geo_000655,DSWi8x_zIr5CWAVxW8AEUA
geo_000656,DU5MUBjlZCgm-7JR9G7M2A
geo_000657,DUILHqua0dBMvRiNiocuVw
geo_000658,DYm9AKDs3zDWS05Jc14ajw
geo_000659,Daqt1Zujb3FxC2crG9ylCQ
geo_000660,DaukqX-ZBTTAXyekL00d5g
geo_000661,DebNWBuZlZ3yJhTjt0JxPA
geo_000662,DgMUGmx3Tci5D-V8eanBhA
geo_000663,Dlu8MKwljCiiRMJeoBG8hQ
geo_000664,Dn_V74z5RfUGueuZF1lCEg
geo_000665,DpHFWzl0_fl1-7bZZFW4wA
geo_000666,DqD3DTVf76gAETw7mWRd2g
geo_000667,DtxF9xJMhImIZ7PDMU0yMA
geo_000668,Du-rqKUbaOf7JYu7DrV_cQ
geo_000669,Du6eoY7fpgGV8iOtlEjWlw
geo_000670,DvYBcV2jkAJd_CBjwbXB7Q
geo_000671,E0obY69ZfGMsmjYCS4HMYg
geo_000672,E1gJ3g3duUmYMjH2U4S4ow
geo_000673,E3qJh-WXTGmSBtpbOxBwsA
geo_000674,EDzSVl8CvEYCXf8-UwHY7g
geo_000675,EHqgXWsQ6qz_LBzQVphIBw
geo_000676,EHxeImaEuBO4z1e_JzpvsQ
geo_000677,EKWQCVR51B-dNlrpJONaNQ
geo_000678,ELt4jy_PDNcBwee31bxmBw
geo_000679,EQnzpwwbecI5Cbg7Rf_lIQ
geo_000680,ER2xZrOAAMYoC5fX-rOpuw
geo_000681,ESAn0_-LGvVXHOGEFLi5ag
geo_000682,EToPZ31M7AYZu7IjUH0ukg
geo_000683,EWSRWZimY6U1taSbILezxQ
geo_000684,Ea2q8C0Ttd-0oZQls-AK1Q
geo_000685,EbSmFHgibaWtWn3IMFAeQg
geo_000686,EdwcQCoE2pxLjC7KO0OF7A
geo_000687,Eeh2MVB1iIZEnjadfVBdcQ
geo_000688,Eg1nzntv2GCQ5YYHJ1zECQ
geo_000689,EjFW80VEtJfb2MTC8KNtZA
geo_000690,EjN0r6JyRag64fu-JdKfzQ
geo_000691,Ej_MZIsQXsFTdJnKs8aZ1Q
geo_000692,EkXG5JS1vLiv816GS1Yw_w
geo_000693,ElUwtW51Ajdi2z10-cJz7A
geo_000694,EmCDrqcexAZ-BUv5u0pLQA
geo_000695,Em_DU7AjMm042gr33SYk0g
geo_000696,EnCDtawJ8p-hREUnvbqvkQ
geo_000697,Esp6HBYfXpROdXYL1z2P3g
geo_000698,Et_3_ZhhikJ8UkIVqwwRDw
geo_000699,EvFhz_fIKmOwkrW4AKauog
geo_000700,EwSebw9G48tiB_cwjh23dQ
geo_000701,Ez0cBN4vPES06CGMr2ZZvA
geo_000702,F094bHWubHHhbA-pvKoJBw
geo_000703,F2OSZ52hJCXMXmO7cqsjOQ
geo_000704,F5HbBf6b2AlFgP2hSiDy8A
geo_000705,F6Zho2c7BrCFYyr9Q33Qpg
geo_000706,F8hodQ7H-NcqwkEseF0LSA
geo_000707,FASUooJ08iOYSS7S5SKIAA
geo_000708,FAbqK3V1kbWQTTcSNHUM5w
geo_000709,FCHY4utggS4HUGnUbk9WKg
geo_000710,FD-Dm319mEyb_sjfKAeKaQ
geo_000711,FE6JHp_WLbm8gwhSa21rpQ
geo_000712,FGclxbGsPN8HjhDrtZj9dg
geo_000713,FIKF7WGK6dDLhELI-8ZFmg
geo_000714,FMFik4s5BvzWluzzcykb0A
geo_000715,FMusddTrZKpoiai5pzf-yg
geo_000716,FQ0B2L1sWywY4x0RpBaYAQ
geo_000717,FRgGFx_L8IfQI2czehHN8A
geo_000718,FRz1ygiwT2HRCcNyrDuVIg
geo_000719,FU14XS_4bN1jND3rwOIHpQ
geo_000720,FWGzRfbCyuXhYWSd3PIUow
geo_000721,FWkL6xUDzYILW0aZJ6RfUg
geo_000722,FXfPZ6DxognwAf6oKG5xag
geo_000723,FXw57XpkPqS8zosVTOe8Ww
geo_000724,F_5MgSEnu0lLbDI3ntk2HA
geo_000725,FaFDZPiLIYYMy5ETtYFgZA
geo_000726,Fd8zK39KL7XAUsSf1cylyA
geo_000727,FePWdWlgpwRZMNmYNlzD4w
geo_000728,FeoysMMFtN6AMcSLBU5jfg
geo_000729,Ff5dc1AlUPPh1alXpxxqJg
geo_000730,FfM_W9nPQj0IiieEDhYuWA
geo_000731,FgK1gxpUInm6qoY-E5UWVg
geo_000732,FiOCOslNoEOww8zAKgyE-g
geo_000733,FjM3sDppMVSWyVGfSMyjig
geo_000734,FjmQv4ZKtkpyXA9jWsdVuw
geo_000735,FkJRrll8T-5BJiTjOJjknQ
geo_000736,Fk_0V6nIW2WhXg_mcUCvBg
geo_000737,FohJhPvXMo8V1z7JmTPE-Q
geo_000738,Fq_z2M_hgHzfAxMkZH2VPQ
geo_000739,FrB3scuaoGzxqRuCFktXFg
geo_000740,FsKVUfG7gyuOA5m-WwW7Tg
geo_000741,Fx5aswrBFiboR2cepI33lg
geo_000742,FyntU2RIUX8zwt2lqYQjBg
geo_000743,FzJupzmpwIaVzWUXx9PuWw
geo_000744,G205ezBF0VUEcxzdi39a0w
geo_000745,G5lD00A--23BhIkddmBbRQ
geo_000746,G8ZG28cefMgEY24L6RCUZA
geo_000747,G9aE9LVGYX6jPI0rU1f4ng
geo_000748,G9sgPM3WbDd6Tsjljj1T-A
geo_000749,GAK5Le-HwZ8B9uRYNoKKVg
geo_000750,GEYhpS1GaiAyI5Pv3kE_DA
geo_000751,GEuBPoFPDr8Q5bPCxg3KnA
geo_000752,GJQ1RdjJp44gCMRc2T7I0Q
geo_000753,GLKOdg2NMSAd7bB_c0PLlA
geo_000754,GTrJky2FmIKsKJUnmgishQ
geo_000755,GV3CIlnAVFgeQt83miTxUQ
geo_000756,GbRBXKGxDZpb4JJDjD-pFw
geo_000757,Gc0bDq-VC927m2JmlAgOlA
geo_000758,Gd2K6qqeI2G3-lkuiyDgcw
geo_000759,Gmj7_S81KECu6q7UXMJY1g
geo_000760,GpGMtaZ7-VOaU4P0eggjEg
geo_000761,GpygbCiilO7yW18DqVvLAw
geo_000762,GtsqQvPrgGm4Oex8hY7ugQ
geo_000763,Gw6pN_8LLF9xdgjbS5jzXA
geo_000764,Gz01r6kUU4Hp77xPWsAwQg
geo_000765,HEPo3e8YVUJjQi092vlTxQ
geo_000766,HEsL5oNaNj4wOZqZ-dAhZQ
geo_000767,HHrohuxb04-5wATW-G4ojA
geo_000768,HJP-2EHYcgR10kHLUOhfcw
geo_000769,HJSKk9PaqeMs2-d2FpTBAw
geo_000770,HLO6pKp7kK4L1ciK1roI8g
geo_000771,HOC7KiFZGxmnC_cvi0WsiQ
geo_000772,HR50EYk-zzLxf3NLGMJT-Q
geo_000773,HRBt0pvzu8bQmAmk92qDwQ
geo_000774,HRlhz3F9NsZt5ejl2VruOg
geo_000775,HUDJkBCNhNyjj-1gxvnZ6Q
geo_000776,HW3ZhCfkqS5QgeUONra_Fw
geo_000777,HXNNsy73hi9FzhlWnq7ZqQ
geo_000778,HYJP72NRPlkCIFU5RZ9_rw
geo_000779,HdAALidgUrsHGbuDZDmK1w
geo_000780,Helg3V6CfJLvgbRSAp5GHw
geo_000781,Hf6dwLi7YyFpy4QGxSVqSA
geo_000782,HhfWREpAlLwuVqDz6rqZ8Q
geo_000783,HmkLeg7xxfT9okCYHYYhTw
geo_000784,HobLaCrl2RxSKQk4i0gIJQ
geo_000785,Hpt-L8lXQ_EFCrzDP5un0w
geo_000786,HrwG8MKL5sVnVKgk0MfHAg
geo_000787,HsrSUm4BqS795N320Injuw
geo_000788,HwumAmZt84So4IRC83xgDw
geo_000789,I-SEw-p8Gc_qYSNdlg08Ew
geo_000790,I305Z5ZkzAfLwDP3PRDHZw
geo_000791,I45i1DHmAGKvsHKxIh_2HQ
geo_000792,I5sd2lwM6SwcMK0HhwikiQ
geo_000793,I6ey9WPD7jZ5kVPHdVTSOw
geo_000794,I7aMo4j1f7HDeWjgYEWKXw
geo_000795,IAbVUWUZtvbBY4AsdMP24A
geo_000796,IAv6kNLr1J2tLo6QAYCj_Q
geo_000797,ID7Xz5kEIdnupIU-PbQ9kQ
geo_000798,IFKvEe19PGH5tQDuv3Rv7w
geo_000799,IIzHA5nCZnAWlKV4FspuPg
geo_000800,ILg0JlXyKcGrnHQ66_wemQ
geo_000801,IQLMShXnwDURIej9lCX7XA
geo_000802,IReaU-UCAhoRB9UVkmVPLQ
geo_000803,ITZkZfqai7qiI_l3Tr5KrA
geo_000804,IW4a2X0iMaVJxqoz58CS_A
geo_000805,IYDeAWM-UlTFnLImViMztw
geo_000806,IbPSOz6wrSwkvAfgwTxGfg
geo_000807,IbRtbNzBJ4mBFfgMIu_vUA
geo_000808,IczyNbQZuKUlPM9h8vbTUw
geo_000809,Idm0F_e0bbPKJGp9_8COcQ
geo_000810,Ih9jPfMMlthUJBi9RzaUHQ
geo_000811,Ij9kKCZNB7AXV8s_vlmHqw
geo_000812,IqVhZFt3f0Sqie9RmofF4A
geo_000813,Iqkcgab1-3z59rOTtsQwtQ
geo_000814,IugPs1dp3DtYzCLoHBE1Hw
geo_000815,IyGLKGe3MwfpsMQqvYVPpg
geo_000816,IymkdTlBB0IU-tOeg-8gCg
geo_000817,Izilvb9VWe3Tjh3rKX9g2A
geo_000818,J5sgIKMld6EDpDDAwdMFzg
geo_000819,J8H4aWlpZbRTH3XMo1cYEg
geo_000820,JAIs53M-iMgV3RXaNjKP7g
geo_000821,JH3of6Uw1tXENgudklBJBQ
geo_000822,JKw5dnNfzbGHqHGfAmM5eQ
geo_000823,JLXLaNYBcyTtmGxCdnZoPQ
geo_000824,JLy_THPRvKggzcQDdWdLOw
geo_000825,JWicOFlo1DGjM-7hh4Podg
geo_000826,JX0E4MH7rn7UGndPuIEsqw
geo_000827,JXYvawO3TtlQlPD2hN-oFA
geo_000828,J_24Cd2ei5JPLl5lA78k6w
geo_000829,J_sf3wL0b1g0wXB1ZF8P4g
geo_000830,JaSGpP2Hp6yzaTMCWDz-Ng
geo_000831,Jbn-Z5FO-IpvZpXYOTMI-w
geo_000832,JdEao63uaJn6P4VfwkjzNg
geo_000833,JgL3udcKFIrXHSGQ4aiGMQ
geo_000834,Jj3IcHP0DJULe8Kd52vsmA
geo_000835,JjNih48y8noAuGkljwtodQ
geo_000836,Jsud1SeR2WCX5yfK1g90eQ
geo_000837,JvnxQH1aQJUTE6API1Tyow
geo_000838,K-mIxzp93fupSNtKZuPh7w
geo_000839,K3Q0B_oJsrKfhU7CWU7jRw
geo_000840,K4HpannkH4_etvpSs_-1fQ
geo_000841,K5GEFpCv2exmNcemAw6bhw
geo_000842,K8-fuKkG-fIIPbUuBIQM_w
geo_000843,KEUb9iub00llbbcS7Z_LLA
geo_000844,KI8W39msW0m07rp9AHflvw
geo_000845,KJPP_0IlKi9fzC18vcp7jQ
geo_000846,KKphp784aoOgTLiDctLdjQ
geo_000847,KNDgP9iK1kKcYN5i3vbDdg
geo_000848,KRpFvh8N6YNkeiTjjnZGsw
geo_000849,KXY3VXxhphh-MjxmyjvHpA
geo_000850,Kb6jXe8diBrLfT3ktiARiw
geo_000851,KbgPRJUOuN8myrvOTcc4Aw
geo_000852,Kem0pWaIwpqAlQk4MZ75rQ
geo_000853,KemZk84aRW4yPYArriZSTA
geo_000854,KhfMELbjXokvNz-6EahUUw
geo_000855,KkAFCiIEfgaEaFgMVPIy-Q
geo_000856,Kpf5XCV_IyIyMHvgVMutTw
geo_000857,KqPyOCOhqDr88EbpdjRwuQ
geo_000858,KuLhqljdAuxJcNZvxl_fhA
geo_000859,Kw5mwgfBTN8BVZn3eoovxA
geo_000860,L0ZFxAfdY0LHTEJxcOZRAQ
geo_000861,L0dSTZricGbo0p2gK3MBaA
geo_000862,L2V4aGwUv7YK-LZRXt4R2Q
geo_000863,L2j5JnHIS5yR_kZ55Wmrgw
geo_000864,L4VllYtucO2mTpUz-EgZLQ
geo_000865,L6Xx77idiCRTC1GMAKPcBg
geo_000866,L9NQHEq6QuCopfPOGobohQ
geo_000867,LCnBbFvScvSh69Eo0wp4lg
geo_000868,LCpLSBNlIpdbbY6gwMld4g
geo_000869,LDpILfFqrvGHus_8yaj_uQ
geo_000870,LEjJpzHRo29HVrfwlwaUbQ
geo_000871,LFKyp87n8Yl-AFUxU7NNjw
geo_000872,LHsZXigrD8J4toT8ZBWIYg
geo_000873,LILleiMy7O2ai8ouZjF6qg
geo_000874,LKolYIT_8adrTFL2UmhXkA
geo_000875,LKwfu4-hfpQ7tLc1qenk7A
geo_000876,LME2qzfRV26iTac8zJWOJQ
geo_000877,LNM0fSZlhS9mYgW98EMmjg
geo_000878,LO-aWz3ifv8r84omKsIPYQ
geo_000879,LPr7FPL06oyAL32fygcZmg
geo_000880,LVgnnoDFUFDyRtm2Xf5dLw
geo_000881,LWYUzlaB2pPIXJjtieg8Hg
geo_000882,L_Pnf6Bz9z8A53CjULYejQ
geo_000883,L_lwpkh0mcDVVmJLTfK4Gw
geo_000884,Lb2kgb5gfG8GwwRM6YIZTQ
geo_000885,LcP8E279jEKMOS4no8lGZg
geo_000886,LcuXdNcQVeXv_UqFBWKclA
geo_000887,LfEI84tR2E__Zp5PbjQeyw
geo_000888,LgojSc7_8GeQ1MWV3SJCyQ
geo_000889,Ll5Pmi4IXlflDWQKI4c42g
geo_000890,LqcNFUj-FJK-KpO_VYQ3tw
geo_000891,Lt6SExoLhqzFtANKnoguNA
geo_000892,LvJANPWWj4yGNyKZyrEiiQ
geo_000893,Lxt12zeDt0C12SpOzKB0kA
geo_000894,Lz5DkdkbOxrLPuliwSOWiA
geo_000895,M2TzH3KkyWLzlpOy-2t9ww
geo_000896,M4UwtIW7jRNcvDcRoZLHJg
geo_000897,M7vOWch-NerYPftbUrxstQ
geo_000898,M8WLk7tNzJBq0UuDALIyvw
geo_000899,MAOdy4iFgtsFkyyHlbSxdw
geo_000900,MD5nySh9GUS4O22Lb1y8Ew
geo_000901,MEkSAPVkhHrfoCg3wBGAZQ
geo_000902,MFXObZO5qu1DEecshpxx9Q
geo_000903,MGSQP5-bSptfBEcVvj2mAQ
geo_000904,MGjQLV0XxjJwK4bdSaqHow
geo_000905,MIiCiVomY68sBrgT5Mu8-A
geo_000906,MKlV5JbQM5qpddnsqpEiHw
geo_000907,MM-eMg9Zy80_E2b5jE7Xgg
geo_000908,MMimnc7Pu0Z7Snc7OyB9Pw
geo_000909,MNCCShM1qmWWmlM_AtfPUA
geo_000910,MOoFA3U0YlZSV3sG4i2Rhg
geo_000911,MR_bUYhyJHE8jsYoJquMog
geo_000912,MS6HsSoSXNEm0xGUS0GsRg
geo_000913,MTdzvOPYFHiJpSbGy_dKKA
geo_000914,MTroJb9Cujg3cj79VaLDzg
geo_000915,MU6CVViqFSGpwvH1T04Z1g
geo_000916,MXDsrRxErtv_wqw6DdFcfQ
geo_000917,MYXDVShpx6QEyU9FzyicqQ
geo_000918,MZuEf7FRmB7QBlmWJG00jg
geo_000919,MbI9YI0yxN_F4nkb1SrO7A
geo_000920,Md0daR1uZFE7mppyuptDeQ
geo_000921,Mh0Fw1HhsTb04SpG2OksKA
geo_000922,MhFRACs8HrV1cU6DLpjSgQ
geo_000923,MiSmtmfmsSVt0BnEBIdOTw
geo_000924,MjevZFbx-l6b8jijFpVNNw
geo_000925,Mk1wbSQl64nxx6AXSCLvMg
geo_000926,Mk6fqKRZKSfbOUlXmy1miQ
geo_000927,MkUpyfPblc8yyAy8e6h_4A
geo_000928,Mpsa2UB-GrXqUoyzHONoWg
geo_000929,MqhHMB5sfRH3xGJ3w0Bo1Q
geo_000930,MuSFK_n2zUgdJUp8AFaasw
geo_000931,MuXIseIg20UQJuU-rZJMlA
geo_000932,MwH4R-s1Bb70TKL_op5GyA
geo_000933,N1arIlrjvfxMSXEZU_gJUQ
geo_000934,N4eaWLg5sBZQQUWH66VIlA
geo_000935,N9zc-aiA8cfa8D7WW0xD3g
geo_000936,NAnMIsWgfwQ-x3IWBmvRKw
geo_000937,NApS4_L9A_y9soAFKzvzQw
geo_000938,NDkPCX968LYSAnRCad3auA
geo_000939,NI0TwPeifB0TujFtcaLT8A
geo_000940,NJUvhRSvgzbqCpVWNcJJ0A
geo_000941,NJttEp5W4jpHOC9gvUqR0A
geo_000942,NKp5mOl9nkk653kYDoSeyQ
geo_000943,NLoFpwlHNw1oqBJcwtKwWw
geo_000944,NMRikNjV2KZasGzIQzHr8Q
geo_000945,NNBOTv9UO477Q7a-lvgUXQ
geo_000946,NOzeLpkjHG2RVjLZrCp97g
geo_000947,NPwqn5AZPBwuPDJwOJQKhg
geo_000948,NU90RliluaZ-KVvPAiRZDQ
geo_000949,NWvq2XT2GS93ASQoTEftYw
geo_000950,Nbwwjv9APBdL0DA7zncC2w
geo_000951,NcxZNn3yzK_zvyBXXr63eA
geo_000952,NdKvziUGO1mIa64vV90EBg
geo_000953,NeZQP4qLDlRiI21gTM8kwA
geo_000954,NeqCJBO7TYTlI5Bg2PEfKA
geo_000955,NfJfiW8JteRHH-dKrtIQ3Q
geo_000956,Nkxwhuw5IkyXSWgrPEdDsg
geo_000957,NnMEr8jCzpG-Og9Wtpy10w
geo_000958,NsTr111a3INqeChUdvM4SQ
geo_000959,NsUQ02uXUZpMQfo15kqZ9w
geo_000960,Nz9ljyjGlW2ycjobZ9mr_g
geo_000961,O-gAq-Emj3tYFtS4bEheiA
geo_000962,O2t9WZJfgMcWVqgXMKS6Og
geo_000963,O5v9iMbt9DRLqMCKFz9dyA
geo_000964,O6fpzZkkObVi06lXEhX6BA
geo_000965,O7JSsOWKklRACIqLO3s5RA
geo_000966,O8Ec0-hz07uK3cnlLceyYw
geo_000967,OCJZs2NqKgq-0Jv7EPo3og
geo_000968,ODPRyt3PFJ6j89-BSzE49A
geo_000969,ODnpFdSWh-lWZHtcM75cpg
geo_000970,OEYd_cmdPQG0L3b3zcd9jQ
geo_000971,OGFM9yKMCtbmoiaY-ePnqw
geo_000972,OKXdjbXx54bAofXGteeU6g
geo_000973,OO_SwbczeNu3W1ejicH_yw
geo_000974,OPX0EHvGN--OQEZ8fM2BkA
geo_000975,OQoLdA3vkan_qhZmdYYPqA
geo_000976,OR3-eaQQ2bUMNzlVK8qFhw
geo_000977,ORjdmsyhBqZRb_PeeP4xhw
geo_000978,OWozPPQVeeRIvtmpRL9eCg
geo_000979,OaQCA6U6EgPBCkt3oGtLKg
geo_000980,Oam6nHYhkgbhznYJJCgQmA
geo_000981,Ob7ybcbZvhOSnoJJzBdJKQ
geo_000982,OcN56QZ5HTUCRSY1MJmxRg
geo_000983,OcR0kIa_7QeFoLdYiE_CWQ
geo_000984,OelhAdUyKqGB30WKtniydQ
geo_000985,OgGADtdfMkdbtX5IP0-anQ
geo_000986,OhXHuC3Yw8qszJ8N9-udtg
geo_000987,Oll0wBxD3tRUKwKQ5OWKFA
geo_000988,OnSw4zancIGiAqMLBCvIYg
geo_000989,OpZ7UhIVHrzTAsa7cypMtw
geo_000990,OqzNTp0vOJFSBw1Z8c61Hw
geo_000991,OrpXJU53KkktwAUOYw5Opg
geo_000992,OszT51-3DI7P_L6m2vP9sw
geo_000993,Ot8mCcLMECR0py-COGR1rw
geo_000994,OvmvlWbC6_PS0jdKzll1oQ
geo_000995,Oylcpd_-tT-0ewI0giigeg
geo_000996,P7wC5OYRJTs8mHFLAw7E_A
geo_000997,P7yZPwhs_MlMEmoUpmKPkw
geo_000998,PFHXbhJjjEUAubrFN_1Cng
geo_000999,PHoytTNEeit9ag-M99Ik-g
geo_001000,PIeglDECRMXuGghIul7BUw
geo_001001,PJevvaZ55QOFAFgjKBkrJA
geo_001002,PKSpPWEQKdjAkg56t-Uurg
geo_001003,PO0h4tL0t0gR5aGXGpmIOw
geo_001004,POmJjHW-hOZ5Zc5rPVmAqA
geo_001005,PSBr7kkMuKI9t5bNpFvn3Q
geo_001006,PXM1EEIaeMjwxj0YuC09Kw
geo_001007,PY-PTivtqEn-HJlqDbSoQw
geo_001008,PYN7_1Smc5QZxrn_mOspPA
geo_001009,PZoQmsPsr7vTqXlS-nB_Rg
geo_001010,P_2jsv1--Sw63AO-m8hFrg
geo_001011,PckhB2PMq1B12PMYN2VIYQ
geo_001012,PerctNJNxRkfTd7De4ZLLQ
geo_001013,Pet6si7GXX-nQYCgxBV0Zw
geo_001014,PgAaVm-Jq3s1cc7wd3QmcQ
geo_001015,Pi-Y3ZnRRziYI6kx9qMN5g
geo_001016,PiWF1yA9Ej8HiaN4Ezm6WA
geo_001017,Piz5lSSY6DAdee9xdalbOQ
geo_001018,Pjn7v8rO_mTNQrf_-1QuFw
geo_001019,PnnlUua-dVz9dDoVZPuJkg
geo_001020,PrGwORDAR9PzcqT4VsqKnw
geo_001021,PrsvDYYv8Jm7TUhCDrXEMQ
geo_001022,PtXbs66KgjlGs3iGviYGkQ
geo_001023,Pwzx8PB4tNumD6x9QnFdRQ
geo_001024,PxFznJTOmm93X_iCHu5UYg
geo_001025,PybXxIogF7qoEhAzpMLPvA
geo_001026,PzDVU72vo3fuMCu9Owngmg
geo_001027,Q3VHAnpBo34P5LI1U_MYqQ
geo_001028,Q3tI_LcDZSd8tkQYCjvZUg
geo_001029,Q4rftbPmqWJhrT9OjRKcug
geo_001030,Q8ErtPpupYWEu7q5D1STnA
geo_001031,QAXFzpt8sb3blogTL7M3LA
geo_001032,QCV9sL1Z9PcGOUU0Rhj7Eg
geo_001033,QDw2hdbiJ8yAOVLwhd6tOQ
geo_001034,QGTU3ZLsCBC4s9jiC-N48w
geo_001035,QH_EwYhvLhwxRmGjqNwU6Q
geo_001036,QNwXTAFFGgddZ_a7BMg27Q
geo_001037,QOw3WRlP7Lv099ANuH9BQg
geo_001038,QPuzzGio8nZrEPtsdscpzA
geo_001039,QWEejq8iNT3rf-Ndcs4WOw
geo_001040,QZzZpViWPErxskfaZBquWQ
geo_001041,Q_AARz9jWa-zcON-Mbyz-g
geo_001042,QfvT08DwGcOUSuNVg1Jr1g
geo_001043,Qjp7TPAQqOz4TaGtbjU_Lg
geo_001044,QjtRCJEN68tTmYUfJGB9Lg
geo_001045,QkfIuFexTsWA-ZsS1zuLhA
geo_001046,QlXuAKcGxCMCpxf9oQvo6w
geo_001047,QoWmsNvHYE7w9iz1Vwa3rA
geo_001048,Qp-sy_URis4R6BSsisDMJw
geo_001049,QtcS6HOg_bRT6DIzsGKVow
geo_001050,Qtp00bJh8VPtD0qYaHEKiA
geo_001051,R0h-eznDsM0ka3LLsHTEGQ
geo_001052,R2Bro7MhsEtcqlZVtijwng
geo_001053,R2HPtUQSHEYcQjEMqDUZ-w
geo_001054,R4IeZVmB-wSqjruby8Ul1g
geo_001055,R7uEAYp4dQQiRTjQy2nnOQ
geo_001056,R8FNv6SmW-Ry5sOBtmipAw
geo_001057,RBgDeOK24USbZZ8cyaUXJg
geo_001058,RCKJz9CbPYh-CR9kSN5t1g
geo_001059,RD4yRO79llMhVCbEBb-s6g
geo_001060,RDKEqMfJwVFrEPghiv00Jg
geo_001061,RIHk91uU9LlFCJ0QDR4qbg
geo_001062,RLU2vINukd_Le8XVxH483g
geo_001063,RQefVxArQjUDZNhi-9cy_g
geo_001064,RSneV4b6H1kQvMYWJL7hBw
geo_001065,RTD73NIYrxJZTP2MbD1WUA
geo_001066,RUBJG5LHXpqTTyAwamGcAA
geo_001067,RVKSxyjTkX--17viqBCJZA
geo_001068,RW3ZR5nKYtvbBX9rgPhhjA
geo_001069,RWMtV4A55H3qV5QujcdRkQ
geo_001070,Rc5ZKjFkp5Wc_RjIZ38CPg
geo_001071,RcRIcUmNZodRmRLKqE31EQ
geo_001072,RdP34njmVsxPx72qklAfvQ
geo_001073,Re9k7KfnIiMxzxJTCG3zbg
geo_001074,Rfv39y6IlJTmn4E7Ls8i1g
geo_001075,RjSQbjMyvGsh-_Q5MwyLdg
geo_001076,RkFMOQhKR2WnzIfd4TqJ6g
geo_001077,RklZ7ddK0HA_j-gxC4fcUQ
geo_001078,RlOWMCFpXaXfILJS2R8MFA
geo_001079,RneaV97eOZvFgiuV50m0gA
geo_001080,RoWosgzPBQGyY4YNS4I9_g
geo_001081,RqQ2r6lNUFLsmMfaeVep4Q
geo_001082,RsGsFGCwV1yKCiE4yNYu4A
geo_001083,RtZPwRdto_rjAxOmQDr4GA
geo_001084,Ru8-aLUpzEOuRSVtgfCiHA
geo_001085,RwoZ6AL_9xXhDGadngYJcw
geo_001086,RzatyrSlNOQfwHO52-eYeg
geo_001087,S-P6NCszj-E3yiPq-kwwhA
geo_001088,S2kH1Mma4l8smV62TzwYqw
geo_001089,S5406vYNi3qVbTJqRUewEA
geo_001090,SBAu_0gRW1Rp2kt_pLaI_g
geo_001091,SBFopc8JVNktYYQvKf1tHQ
geo_001092,SDZNSu9BsCOtuSoFUyQwUw
geo_001093,SDv2Kzy7OB503JB51v3Yjg
geo_001094,SFvR4-IfwlWkkPSBM8ZGmw
geo_001095,SGYa-IAySgP9iON9iwCo8w
geo_001096,SHE-Ggn4LzrS08CtyuxTUw
geo_001097,SK5C7w5_zbp2Ew_h2qq3fQ
geo_001098,SKxpqUViTouHzP6IbHjHuA
geo_001099,SNFrbzfwcdBfBEB1bcNMwQ
geo_001100,SO4m069W2M9UPhcgPaP-Vw
geo_001101,SPmmI8rkAHwJ-APePAX0Pw
geo_001102,SQL-DcFVLeMCa237ZOzDGw
geo_001103,SQXc44fTDaxglV9JmjC-Wg
geo_001104,SSll23DpqUsi3HfCqj5vbw
geo_001105,SXJH9u226v3D06CREZhcRQ
geo_001106,SY03iq4p5tGrhBy5xTcAow
geo_001107,SZTrlYDTz77GRmPC_EfWDw
geo_001108,SZbAv4TXpk533AKpwIcoMA
geo_001109,Si0w8tKJ9_chs-9DohRsTQ
geo_001110,SlnifpYZlb9Zpm9cDdgXEQ
geo_001111,Sq7ASUl7tPY3SSp0DeRZQw
geo_001112,SqK18ZI8IEbfaOi0QFIJWw
geo_001113,SwwRAVOr6Kiza8uKrKlSYA
geo_001114,SxVB_KEVryD228LJpv8MCQ
geo_001115,Sxp383uNV-mpea0tV4vXFQ
geo_001116,T5kXAYVowJ_3p1vMjWETUg
geo_001117,T5u4prbeTg6R2OCs1BdS5w
geo_001118,T71jTCNUWW7StwyVbuSK_Q
geo_001119,T9XuJL_xhLIxknsTwnydgg
geo_001120,TA8cNce6r2V8Lcp4nCVXNw
geo_001121,TBB199b9W_Z1Iw255f8Uyw
geo_001122,TBid-Uw2pBZmBvMEgKR7Ug
geo_001123,TCFvEz5fQVPVzmbHEPDOyQ
geo_001124,TG5YpJVEtLv6hGvJwLysJg
geo_001125,THg8qdSFirOWHGHum22kwQ
geo_001126,TKcB6dKoDNHR-RqVJb4M6Q
geo_001127,TLJFPsq3nn1Xu9Xrxkg7BA
geo_001128,TTV6AOtSzTLAX5mADVlyiA
geo_001129,TTt1r6SRkw92YZ-S86IUgA
geo_001130,TVVOnWxXyy0uUJXV3zNkuw
geo_001131,TWfH69Z77UM-h7Te_8NPdg
geo_001132,Tck1T-Nn3bs26-B7cb4Dow
geo_001133,TdMGU56sHHwJpBSY6YQMiQ
geo_001134,Ti6rYAXmjdWUZ4YaJoAtcw
geo_001135,Ti8d8ahgxQbvoDqUB2YP4Q
geo_001136,Tj2B94syLG3NzKxruSkBBA
geo_001137,ToytgT4A-lu-Yv2dLtK3Rg
geo_001138,Ts9ANIXiH9wjJzbP3K5L1Q
geo_001139,TtPTeyehryVhj3MgwsU3gQ
geo_001140,TtaU9c4Ve4w1HafvvM-0lg
geo_001141,TxHsNz-HcSsWPwCOF9yWig
geo_001142,Tz6h3yuFefDxLz79rGwU5Q
geo_001143,U-M6wJe7pRQXWK-BUEBmug
geo_001144,U2L8KNs-u3FoDwcbM4DXCg
geo_001145,U370LNwIRld7CD6c8dELGw
geo_001146,UB3M_4kz2DrA-J32rCFqKg
geo_001147,UBAZEO4GbzCwqpD9OyNWOg
geo_001148,UEEbTq_mrAYm8KPNp94sqQ
geo_001149,UELioOCu2YjKkXQq09n7og
geo_001150,UF75kJ4KkHB8uqk7fKXBVQ
geo_001151,UMmsNnqfJyqaGoumlaw3dg
geo_001152,UORFU8c7P7zosPjClRuA8Q
geo_001153,UOgSFReIAcuE1KcBtf4jXA
geo_001154,URLF5AfkNvFPrG9zE7krGA
geo_001155,URQwlkBzcPyANmBBmfS_EA
geo_001156,USCiiFZnfY6vLR-xqKISbw
geo_001157,UWnptfvSZOotShoWKcgADQ
geo_001158,UWpKzUVn_9bRBU-Ro6fdag
geo_001159,UX_1zFSiCPZOMu5-KC4Whw
geo_001160,UZpJ86nVuYW-M_5qmn1tDw
geo_001161,Ufg7QF-DYKetX2oxA8BxHw
geo_001162,Ui1iL_wJCzjZRZrEXwSU_g
geo_001163,Ui8uL3Apdmu_jVcjAX5CUw
geo_001164,UjFrwsSCGd_12UYbRUTrkA
geo_001165,Uja7gwn6xHEIT5uIBcI1ow
geo_001166,UlVgOn1K-K8wldpNNoy-yw
geo_001167,UmLYY607LpTrnNhaqFH_AQ
geo_001168,UmrktUDS0Df8wcZ7LF1wcw
geo_001169,Uu75UmVbgjzmz0wYZgUwUA
geo_001170,UuzmO2__cEP4ska5VDixCg
geo_001171,UwTGN4ESDF3rkRDYdfX4Fw
geo_001172,Uz9YXOt0-g-bRuvLARuIag
geo_001173,V0CLUKfoGO8cLXXMezPQcg
geo_001174,V1iKNCgcnnDPwl6bTEL3sw
geo_001175,V2uvV8IDt5fILcOZqp-iwQ
geo_001176,V5HxFDymNXqUo971TiPhVw
geo_001177,V6HwRiHmhx9Ov0Ao1hpfsw
geo_001178,V79ECaGAbcYet8DipM08ag
geo_001179,V7zA4EKbOqyHe4zhGaE86Q
geo_001180,V8T8SyY1AJhATgK2Ygb32g
geo_001181,V99sNZLFeTq1gupmHyhTGQ
geo_001182,V9myW86unjyrXSLQ-eAl1w
geo_001183,VAt6QyokaQEJiemHNIAIdA
geo_001184,VC2SThjebz8mEihHID-IMA
geo_001185,VFiOldnWMZ1QVBJZo6dYPw
geo_001186,VG0BeHhCJv0_RbZEijRzuA
geo_001187,VHiuwX6_nGjOncwIlmzdKw
geo_001188,VKLGq22_7jtfU168dJjDbA
geo_001189,VNwbESYiLnnMR76YT5gOiQ
geo_001190,VPnPyUu_K2dmWWUX8XevgQ
geo_001191,VRgiQxS0v3uZypfylqtCqA
geo_001192,VVglpoElOOeWkz9qllTm4w
geo_001193,V_0lp66ipWBhVnsLcreCXA
geo_001194,Va7D1h4E-S4qIfbp6UIS3Q
geo_001195,Va7hmchA3PkZomX0jBMIjg
geo_001196,VevFrNaasLyzUXlBT5ff8Q
geo_001197,VgyKRsKcVLItiq5W5biojg
geo_001198,VhgZk9m387IKXnu9A6H47g
geo_001199,VjBLAMP0NYCOiymzfDjx7Q
geo_001200,Vk7fyBu9pjcsCJn88WxMnA
geo_001201,VlGgCjTn-q8fHfJ3YQCOzg
geo_001202,VqILlznkoPX6Dbz0-4mnlA
geo_001203,VqKCDC6N_QX4vkfSTdWrgQ
geo_001204,VqZ4_YxAkhwduLIalEPEvw
geo_001205,VqiS6SKXg-YdwE2Vzoe2rg
geo_001206,VzzNUN8r8Old9vd4LYsLiw
geo_001207,W2DL8fK8XafLF-e2UUwF2w
geo_001208,W5ORBq2CUjN3zV5ZH8As-A
geo_001209,W5Wfrpuz8EEb12_orVyMIA
geo_001210,W7qBc-l8Il7NhRryfurdYw
geo_001211,W8Z4vKhT1g_G5gyRL-lPQw
geo_001212,W9_ekNZ62MVanackYPiXHQ
geo_001213,WA-kZUi6k_GyvzvSzl9D4w
geo_001214,WF9de_fZfk1QNXsy0SO5ow
geo_001215,WHI1qAFTlJrZsKve7Z8AYg
geo_001216,WHRcRmoJjf6d88Du35WhXA
geo_001217,WMit0syKavSdNDqrV_WWSA
geo_001218,WPlY412xm7sjuv5-RLZKHQ
geo_001219,WUptxzJkJHmly58ncmRZpw
geo_001220,WWBW3jjFKU6PsnXUaY6lDg
geo_001221,W_C0J0HfcHYpkCV06_T3BQ
geo_001222,WbkMDnlJNZQ4YApV5TROtA
geo_001223,WjP_8UrPxqFKqjfa7DxdYA
geo_001224,Wji5ktj72J_VrBpLynNrOA
geo_001225,Wk882cgCX09sqzWy5lPvVg
geo_001226,Wlx33O7cr57w_N6kmLAXag
geo_001227,WmG6VQWUFKSZNkHUHdUuYQ
geo_001228,WqfWiKXJh3zRClTfLfrekA
geo_001229,WthqBnI9FATZg3pywdbofw
geo_001230,WvV8lsY-83ZMoMS6yAWTOg
geo_001231,Ww7YAPLkAFWQ6P5TUP7zDQ
geo_001232,WwfcZMSXqOT9EZZtHhD5YA
geo_001233,WyD8ev9VXFqi37Vb7cyGrQ
geo_001234,WzQMXJpoMnazwDbVI22FLA
geo_001235,X2Bu4OaEnOvhz78Stl_h9Q
geo_001236,X2DyZ11gr-MwLhSnHrPtKw
geo_001237,X32tLFKWTeWVLQitM4nnzA
geo_001238,X7-F_WuJK1P-9nYdeL1h5g
geo_001239,X973smYJlhwLYBW5S1bMcw
geo_001240,XB4NM7hDLLb6uQgEI5nmDg
geo_001241,XD8_ZOiBBCvrjNhIjNVobw
geo_001242,XDNhsLdicVaiN9kaxsD4-g
geo_001243,XF4e5VE8bni-OgNXz9FM_w
geo_001244,XFoXt6HHRzGcp0S7yZOPRg
geo_001245,XGZcEsnAgbYgCQ-ODFVeoA
geo_001246,XI73wwOZzVVTxgrwn8hXrA
geo_001247,XJO-GjhWbXGajetiy8Azaw
geo_001248,XOrtF5iRZn14mYKHgTQQcA
geo_001249,XR5ttj8U3Zm4NFZxHH77uA
geo_001250,XVdk6Zdr8czNHgqP3qyrMQ
geo_001251,XY-N1l7uu876BVJ9FTQDxQ
geo_001252,XZ7jHCVvrqOH3QPyH3Jd2w
geo_001253,Xagq7h2OLZHUw0ZYw9h2Qw
geo_001254,Xe9J1C6poUEOlQaKZbfblA
geo_001255,XfpYqxI4-Qh-sBkh1389yQ
geo_001256,XicqVK_a_8pGlHuS684u0A
geo_001257,Xj9Fw6sHZhZd19_F82WkjQ
geo_001258,Xm1K8LdWvfmPEF9KiWNDtA
geo_001259,XrCg44u-srFOEJzFYwzoow
geo_001260,Xr_Qj_mDOypimWHdB9o1pQ
geo_001261,Xrw67DmbsQmQJISm31Nxzw
geo_001262,Xs0ioVvw7ULKouxtSS-RPw
geo_001263,XsVjfVCeOGij5OPZYvvgBQ
geo_001264,Xs_sxkSoXUNkPZoKtBQq8Q
geo_001265,XtQdEwyuzUjeJQW0-TQuPg
geo_001266,XwYCh-zMNUqNTmIqZsd4BA
geo_001267,XwmPZmmL_vsY4ZWs5bpaDw
geo_001268,Y3MKlRRS8JYZx7gnqZBRdw
geo_001269,Y9-MnN5qdzi8UdKj-m_Rbw
geo_001270,Y9BaBtQpbXWvD77-9-IbNg
geo_001271,Y9EKBqIVlc1wOcNrjo4USA
geo_001272,Y9kxjjR14XHMOOaRo7ZOzA
geo_001273,YBgflQd60qpszSlVguwGcg
geo_001274,YHBoyxOr_n3hAx9BjYAYRw
geo_001275,YJ2XYlYYwuYjWtJW0f3OcA
geo_001276,YK2s5gyL4hrL1JIeZP0QAg
geo_001277,YKBb7slUST1CQPUY6lK1uQ
geo_001278,YKFAOyoF14VSpXaK2D2tAw
geo_001279,YMSF9p4BXjvz7FvlaSa27Q
geo_001280,YPubTpbl2aePhWd4iloVow
geo_001281,YQAC4x7BLOvW4ZCTKLUD-w
geo_001282,YTmqPmTLc6ZshSeHKMgKUw
geo_001283,YUb5pbnRifWLOkl-_4Vpvw
geo_001284,YWKBoS3xnoyV62Wuwy2yfQ
geo_001285,YYGpEKJZsJmTW5g0G8dwdg
geo_001286,YfA_L4dtLtGWsdMWUQBJsQ
geo_001287,YirKPL1tdMP5Q5CQOKOLhA
geo_001288,YmbQjn9OelxUokis7AD0sw
geo_001289,YqJj6p9qxZXe9JwpkzjkIw
geo_001290,YqrEDZz38eq5XqfyPGzdOA
geo_001291,Yr7U1uv4Aqu5ToirsauQjA
geo_001292,YrECjQ0JGnEU9kDNMlIjWQ
geo_001293,YriwUdxrEcsBa3QC8WiP9Q
geo_001294,Ysnj4lz7kMr6eV2C04CZsQ
geo_001295,Yte1UBO-uiVr8s0ZXppGbQ
geo_001296,YuHBwa3jKqo1i5EbPBhR3g
geo_001297,YvLwP81PbiCoNhLEi_Wmkw
geo_001298,Yx64RujVQ-sTtWLtkDw3UQ
geo_001299,YzD8hk0vZxPwhRtw4ng8Kw
geo_001300,Z-WCjXZatSi2wsDH2Hd_eg
geo_001301,Z1H47YnTkoIr1X4atS5S4Q
geo_001302,Z1f4NIo2lsJuSJhtCP7C4w
geo_001303,Z2-NueEiTbaN9jQnqwwi-g
geo_001304,Z679YLgvB8PdyzyHhPyTRg
geo_001305,Z8uTzjiviogsAg-IbuCeAQ
geo_001306,ZFMvuJqeo7LwXw-Hlfuy2w
geo_001307,ZFXv9EkVSEK_Tf_COzWaFg
geo_001308,ZG4AXxIhZVPsIcG_1viVzg
geo_001309,ZHzqeH-ezTBeitnrkNGxjA
geo_001310,ZIERY0p_7-fs5gualDdkzg
geo_001311,ZJQ-vV8IOJFtMunGA1IF_w
geo_001312,ZPBI2p9pdgPXsSA9ZA4sWA
geo_001313,ZPXbC9syQvSesTw3Khw8CQ
geo_001314,ZQ6jk883kB6Gg_kmuhXVnA
geo_001315,ZQLn82pKDqlISE-8G0LO-A
geo_001316,ZV3g3BrQ0jHYhIjFi9tecw
geo_001317,ZYdX5hL50X8iWCVqPT0TAA
geo_001318,ZaTJwRGc0DfB4GoedXqm4Q
geo_001319,ZbbCw3Qy6TIkV_z4bla_Tg
geo_001320,Zd-o9u9QKN5EpJWhdvNpZg
geo_001321,ZgoCUbQhge94Z7vF9dVbfA
geo_001322,ZkVCqTO4UKSz0Khg_5m54A
geo_001323,ZmGRMQH1HWrzDMd_2mNfKw
geo_001324,Zp8kyL1zgBHP99x6ETXrsw
geo_001325,ZptvIaMu8QoMl6DqTYvzYQ
geo_001326,ZqqKZIsLd0Jepf17ov5ulA
geo_001327,ZuT-RcMCBNJsY3_qORaZLg
geo_001328,ZvaTCbWgxbSH-86U5LHJ6g
geo_001329,ZxtwxGKF1qVBOVbMKHUoAw
geo_001330,Zz9Dn_dTb7pvDv7JxoVa1w
geo_001331,_07MLhrp7SvfAPhbqy4dcQ
geo_001332,_0ptLdfPViCwaIoqL0z8JQ
geo_001333,_11ogoIBFN3sauNU8Jd__Q
geo_001334,_3MLVV-y5n1Sz3O4-WiYRw
geo_001335,_8rOwki5q1DsmIVvLBJcrA
geo_001336,_93Qjz4htvLLo-Zm0oaZvA
geo_001337,_AkalAV9TeYBZIB0ahehQw
geo_001338,_CBY7TNADw1BnFpvnfhbEw
geo_001339,_CqhzXzv8vRe1Pz59QPWDg
geo_001340,_FO7p7EnY5gIn7wdTInxKA
geo_001341,_GmW40Ax0toCmpTjAvo3YQ
geo_001342,_IyG4ml_a6iRBE1cbHIXQg
geo_001343,_JdBrSdn9sVAAa8Wjsqhhg
geo_001344,_L4iDrBdHIiuT6ohj6NjmQ
geo_001345,_LJTHKCZevujamzh1LqZKw
geo_001346,_R_G3kGYSLMVORGYlrahFg
geo_001347,_RepXNvoHTZhXd5kv57VLA
geo_001348,_Sj9GFc5cqL5YdAIw-2xBg
geo_001349,_TBJtUcSfhHxI_iPEoonIg
geo_001350,_Whr7RQAk0zmQWURAIQhcA
geo_001351,_a2AzPBP6CLnfYqWihWCCw
geo_001352,_ek2zzgqWZoZoxBaY3FgDw
geo_001353,_exgr7OyPgEvavdq2VIdNg
geo_001354,_g15Q2RRuveajwzzOgIijQ
geo_001355,_g1SBrFZyAOCF8Gvk9pukQ
geo_001356,_g2pwOdqL88hIlrumm2QKg
geo_001357,_hxToBE-KCe1QKSlQdMNUw
geo_001358,_lQN3N5W8pXWCZGWMjAUoQ
geo_001359,_lSefVrzGmfYX0tEvdxt8g
geo_001360,_xjrS3mYfEPoAHFqvhs8FQ
geo_001361,_yNGFvaYFdWe9Qq548Rx6Q
geo_001362,a3kR9gggoBguFDtY-v5-8A
geo_001363,a8RXH78YcVxmA0FqsK_BTw
geo_001364,a8uD453VyLh6UBtjiJRerQ
geo_001365,aEvvOXypOhTyowgzwHz7FA
geo_001366,aF0Vgj7mEhteeNyvWLiJSA
geo_001367,aFypKlpMPMCBQE9xyan5SA
geo_001368,aHRlsx-INPJLge4IVEDUyQ
geo_001369,aJ8yGedQv8PO0Ap32DRxUw
geo_001370,aK8-SebEkpenH5UMSzySxg
geo_001371,aSmbfrDWJIWVkpOfPvCmzQ
geo_001372,aTGK5YUZloxnai2Ld52HRA
geo_001373,aTdDAY7d9c4GvGJXW9_3oA
geo_001374,aTrh784tYtMWMM_f-kj3TQ
geo_001375,aU8eRK1ryPcvh7k3QWereg
geo_001376,aUHadlhxmyJqsuPIXRIy8w
geo_001377,aVak0ZZpQEv9s9bCb2O2jg
geo_001378,ab97q97Df-DBSDTZxCQHxQ
geo_001379,abUVx6Em0rl5xifAW7fIHg
geo_001380,acy6vMTmSc1a01bfGBnFFA
geo_001381,adjz6BZq8GMrdau4cStO5w
geo_001382,agDD0yXoa75wHkaq61kIwQ
geo_001383,atlGVc7zSoKEbMhkqbrz6A
geo_001384,auQssQ661i3MXyObReBaxg
geo_001385,auTSLsEAmWSfud4VSImOhw
geo_001386,awM5dFS5gICKzkix7iU-HA
geo_001387,awzuwrgVLrLHwaQdrjiJwQ
geo_001388,axeRL8ehJwougiJv1Z0HQw
geo_001389,b0G7loG6ohVe2nqD38qS7A
geo_001390,b0m1xVg9rzQ0ywgXGNVpQQ
geo_001391,b17N2JfzeS7kdHVzAY4g1Q
geo_001392,b4su70XVFbLRsXWposBD9Q
geo_001393,b5RfYjgNYwJ8UL50WigLSg
geo_001394,b77sXXdOQrsz5BCZRZWkDA
geo_001395,b7kFgyo2XYPnOD9boD2Rxg
geo_001396,b8CoWUqnlnEnUmJy9ZEIHQ
geo_001397,b8QkRxRSFyg0ifPeDso5Eg
geo_001398,b9uDbImP6MWQasNZf6IDxQ
geo_001399,bD5f0rbZWiD44xaIQUbjkg
geo_001400,bGNgX_gSmJH5vRo8bcLadQ
geo_001401,bH4rgLzoh3ghGfMlN6Asiw
geo_001402,bK-wBvNM8me1lGwVrXFTyQ
geo_001403,bNNAD5-J6XVrBmYz9CpLEQ
geo_001404,bPmMChICy1D_8UHRH8tyXg
geo_001405,bQYbOtMTF_3TFtQXw_r58w
geo_001406,bRfKFzk_ZJMfX1OxjylfXw
geo_001407,bSJphsDZtD4b5pC4SjMzfw
geo_001408,bSOdr4uXk7vdTR_Yeyf6PQ
geo_001409,bTRIlQ9LHeHVNrL9Cyns5w
geo_001410,bWIo8tOUomPprukUKPr3vg
geo_001411,bYSpbEf28QPoyt6bstb6vg
geo_001412,bbuT1FBoMN4UUMniJMgKRg
geo_001413,blonxt_mwB_fjpIHRvp73A
geo_001414,bmCqDmE2grxciaKzlj0BGw
geo_001415,bnA2SGJBDdSsitTWiOuHpQ
geo_001416,bo3TiZuxf5bhqYgLOO1CIw
geo_001417,brNYzNvkLM4RaYtUwKRpcA
geo_001418,bvPCO2jeLiscUaDJeBW1Bw
geo_001419,bxSqJWM8_UPDp9-y5m-B1g
geo_001420,byLO9S53f_I8rfc8pJ5r9w
geo_001421,c-uuUc9ROQwqPn63kc7Ikw
geo_001422,c1X1hGgkTGM9Ks1ObA39Kw
geo_001423,c2gahzFDuK1573LudN_AWA
geo_001424,c6Zkgcvau4asBondPm-d-g
geo_001425,c79U2vsHt6y2cA-PhqtaUQ
geo_001426,c7RNkTYpku2nBVhAwAJZQw
geo_001427,cBly8_hvAMltYQAnuTm_Ww
geo_001428,cGbToPOtxhhsp6e50DBJVA
geo_001429,cI9H3GwKxFjc1orX1TGqNw
geo_001430,cK2gKmQ3VKS29sHEaduCpw
geo_001431,cMElPEXfEyGEkFs1PJJVwQ
geo_001432,cMlCbLOLWBa_mHuZQeQr-g
geo_001433,cQ65g8o0w40ofBgumpUIFQ
geo_001434,cQfi-ESGzSbf4y7G9EfBEg
geo_001435,cRYfwGLE4Z6qiOJMDx6AZg
geo_001436,cUJw_st77PZp-SB4nfsLDA
geo_001437,cUunQb7zFv_T97RMWYlicw
geo_001438,cWjQrRKO4VzyLskZOQqT4A
geo_001439,c_KM8URrQ2sDOS5fdc7DIA
geo_001440,car5QxYmqIbTlMcCewbVbA
geo_001441,cduLeA3R46dZ3oIwaHbctQ
geo_001442,ceH7Sr-K-s5jOmVaB1P3Kg
geo_001443,ceIF7jWsGI5jp3t2O-rvWg
geo_001444,cjEHFTRzp7bgPPDE-lw5vg
geo_001445,clMXjw_avD2Hhue0ZRdbvA
geo_001446,cmvIXoPqKjO0rG5hPjMbKQ
geo_001447,co0DJECn5WGgMzVlpqHyYw
geo_001448,cuRLN0oBbK4VKvvI15t4KA
geo_001449,cv5tPbspI79eIbWHtlk99Q
geo_001450,cvlYrqLDMC6uKcBibdFyzA
geo_001451,cvw5yz7Qkia1-CuGUn4daw
geo_001452,cxZn5J_raUf0M8m9iecgpQ
geo_001453,cx_7rcPvxAK_Hqku-asn8Q
geo_001454,d-QrDEB5PvlgEvKYtnisug
geo_001455,d2rxp3GcTodJasqgsuZX0A
geo_001456,d3Kl917njXV87Jtd1K139Q
geo_001457,d3_nkRJiS0bG71zUq9Eb2w
geo_001458,d4lD_JtPVGV6_z3K4WupCQ
geo_001459,d7eU0-EoE-lW4BjI-1AlqA
geo_001460,d8TeUlCgLdC_GU8E1AUV0A
geo_001461,dI5jpEzp6buk76-BnEzZog
geo_001462,dK2cr7ylK19Gs9p5Iv3XDw
geo_001463,dLsqtPeyj5E82p4rzCxl7Q
geo_001464,dNdYapLtSwZ1WsrEzy_qkw
geo_001465,dPkLVnh4-SpDfdBVjxAMfQ
geo_001466,dQjvcciQeKEQ7ItMRAA3cQ
geo_001467,dS-qs7ITJaLcmR5SXKAVHQ
geo_001468,dSA6Lx5541KlsEZSImXLLw
geo_001469,dT-WaEhCetdIkGQDzCWxeg
geo_001470,dTqyPqxHtv24nLNzzAJtgA
geo_001471,dUtp95B8y-dsBIYHDSvKHg
geo_001472,dVbB6CLz9LeQ5rUER7f-sg
geo_001473,dZ3EvF6QSZEYaQ7cn1mZIg
geo_001474,d_DWKLEKuUvb1OvSwfDqHQ
geo_001475,daXgojrgcseddenT7BY__g
geo_001476,dbIq9WnDYrkE_OSwP3AidA
geo_001477,dcfgn6k90X0gvl9I2V_Plg
geo_001478,ddr62lFj6X25ZaaoRl5TRw
geo_001479,diTp4LYs_Qb630bZlu1n4w
geo_001480,djitnF0GJMrlWL1GqKRkDg
geo_001481,dkE-fFGESnPjxhy2XyL0pA
geo_001482,dl8RPnMFJGVOCx427KoayA
geo_001483,dp0mkM9KsqXds_6ETz8DoQ
geo_001484,dpSjh7YrwWRVM-Cl5GX3wA
geo_001485,drWgsHVOPLZaMGrVbDK1Dg
geo_001486,dsQ6f6dN3lV13PTGtkqAPA
geo_001487,dtzoPiWERwwvvR5svf60WQ
geo_001488,du62aaCITZskjuTRWw62QA
geo_001489,dwZrAmPQ7bjVtnfHoLi3XA
geo_001490,e-mCbT-4CxoCzTbRJLiBfg
geo_001491,e17XlSPp4S3cZYnSrehVHw
geo_001492,e2Rm_5LWJKoLgijJFzHRaA
geo_001493,e4xWWQcb61QnSu1OXemKhA
geo_001494,e7OEH1OATrrN81NsYi5RlA
geo_001495,eBB1UT4BO2bt3kHweTRY7g
geo_001496,eBHHjnZkWgl9iv-zLtNF0Q
geo_001497,eDIFuFSnLFXs0MDGX4Jc-g
geo_001498,eDP4SHvR4cI3OYojxTeb8g
geo_001499,eK5CT02iEhOJvpQItrkBHA
geo_001500,eMneAXfx0h085qM8PRDikg
geo_001501,eQ5t9S4CDgo2iXZHSev7hA
geo_001502,eRJD_AqF7sdR4hR3dq_VKQ
geo_001503,eSWKXUyYlFlL1EvAuwShoQ
geo_001504,eT-fCw0N66kM40ixBcZTMA
geo_001505,eTa1SKW7VhhJn4IoSik4SA
geo_001506,eXa7CvpofOmbY4IbPMmnHg
geo_001507,eaVj9YRC2sKjhG17bbMsiQ
geo_001508,edn-oY5y9XXm3epnHobGkA
geo_001509,edssRU9Yf8yb3VwugerfXw
geo_001510,eflKFp3kDTZfNgm2W24q5g
geo_001511,efyMdTeLNZl3k0yWC2pHDg
geo_001512,ehp1D0x0ZQrrAL1CfCj9pg
geo_001513,ei-Y_erB-Ik4Ma-dxugJEQ
geo_001514,enhrqqRmfkt-Skf_xsROuA
geo_001515,er0WWS2jFkfaa9aPuF3nlQ
geo_001516,erHRnxtZAFJ_l9ZEngiENA
geo_001517,ewoTWt4yImLweSV7gsWZeQ
geo_001518,exyo58oR-7CJuIhDe6aezQ
geo_001519,f-E7CbkXI1uxbKgSCcYW9w
geo_001520,f1eIw6W5EA9tsL1CP--ZRA
geo_001521,f1th3PP8HKv_V82-z3Nuow
geo_001522,f2z-wgKux4Jh29tuNxqVxw
geo_001523,f33HvZ0LVByk4ppZFo23vA
geo_001524,f4B0kjI1k_HACQsXfimsZQ
geo_001525,f4uQZya9sJO_ZHDVGfVvLg
geo_001526,f9DJywwR9t5rFk6YSC7EXQ
geo_001527,f9o7QL2W4W-5nMmbBcDufw
geo_001528,fDQ8EM-Pw7LEchHxYbhLrw
geo_001529,fIluwaXSIfBRouXQ24T5Mw
geo_001530,fJUOP3et-zhEWMqiUjQjUg
geo_001531,fSPzMPDfycTmpKQj9EiCow
geo_001532,fT0TMr6iQa1g0KQgcPk20Q
geo_001533,fW_SutKXsl5KjGurisyqpw
geo_001534,fWxqcdRJpFno8QcligYGug
geo_001535,fX1dOw2qsweGpempjWxgHw
geo_001536,fXr3OYDb09-RR5ivJsiiFw
geo_001537,fZl-U5zl7q02OBK-uohr3A
geo_001538,faDqIr6Dc_1Jsm18wtAlIw
geo_001539,faukpJeKpvE1gJtFww37rw
geo_001540,fbQG83bLY_UuZVoZjdbkTg
geo_001541,feAdgE2VOgIfe4JBJ4Jg1g
geo_001542,ffj2qImmlNqo_GtIZPKwMw
geo_001543,fihmGD9AvW-QaGoSH1iIrQ
geo_001544,fjBMjDlOQFTB-VUMjpnTfA
geo_001545,fk0tgzb5AiD6L1VMQL5aiA
geo_001546,fm1ayDpc5Nj-Ul_cstwvRQ
geo_001547,fo3lO_LxdSAW0hxXFz-C6w
geo_001548,fowcyox-cZsmrfGRdTTSdQ
geo_001549,fphY7-AUn6xROHmQzAUMLg
geo_001550,fpnxDQbZoJvRtFn7t6GZjA
geo_001551,fxhWfwbqb1_51FovNQ7yJg
geo_001552,fyLyymeqzQ1izoJTMjABGQ
geo_001553,fynADS_ISXrxtayDkCOykA
geo_001554,fynWcxRJ-kXPx5GboRveVg
geo_001555,g-dUxxXwB7xcd3TRxCu0Hw
geo_001556,g5gQKJJU3l4Eyu0yOYOdjA
geo_001557,g8lhrZb5kZFKp2n0oTjZ_g
geo_001558,gALLRXN45XewT4eA9dgw7A
geo_001559,gA_hZ_mqg40Vx0pydjhwNg
geo_001560,gC3cDpKuX7WRSl8Xofxn1A
geo_001561,gEArJzIffBqnxnTYNLeiHw
geo_001562,gECXVsoggbLeZxwKx8ncRA
geo_001563,gFbe1OKPhIQb08aR1VSoIQ
geo_001564,gLHlKKcFui6ffxzh7JVw0A
geo_001565,gLNabSAyg2gKi_U2vNvHmg
geo_001566,gNrj4rX01BSdnB-NRtW1LQ
geo_001567,gPFfg6LZPzy1emYUNhcXdQ
geo_001568,gTky7YqqRTgQTZu8Gxx9Aw
geo_001569,gTu0tYIqaR-5rxfWv7Facw
geo_001570,gUomFiivupCSIvPh9QoFbw
geo_001571,gX4ZzfyiwM2e8RmA0KgQjg
geo_001572,g_NmK5V4VZq_8xdLRwrYEg
geo_001573,gbgFK6jINjVRBVGekbSROQ
geo_001574,gbkTw0JK55q5yoAG36hSjg
geo_001575,ge0-9tZ3W3II_a1o9dOR_A
geo_001576,gfJeIZkdAsX5cWaCC1n8mA
geo_001577,gfKclfwjnD45CGOY70IU6g
geo_001578,gfoHHVwrjcA3Lh3Ogums1w
geo_001579,gjvESKhPMsaHDqOfJZ9f2A
geo_001580,gkqU7T0zuGu3Fd35cMRBOQ
geo_001581,gmW5lCc6Xv3yCy70sRKGLA
geo_001582,go-w52ity4usBShnzVU0Hw
geo_001583,grImtv3ldv0O7L0PSaXKvg
geo_001584,grgKjVWNDe7-5aQLpwYf5w
geo_001585,gsx16iUfocGD2O9iJPpLIw
geo_001586,gwIkjxYVJQp2KICyxUjckw
geo_001587,gymZuek5lYz79uPFxVnMWA
geo_001588,h6r4I1XY7k0S_V4jWU8gcg
geo_001589,h766ypR57UZxXBLWsFzleA
geo_001590,h85rHKJMVNLLsUNtw2pQhw
geo_001591,h8PCxJaa5-Sr5Ejbx4FJCw
geo_001592,h98rm7dXGcXTAro7KKsUpw
geo_001593,h9czalMhHUXcsBXtLnfW0w
geo_001594,hEvcG1oO5mxX8SxV7uQKYw
geo_001595,hJ4sbu16fb7Ao_eesfXeOA
geo_001596,hKiYGUQAmw1g10vTi5KudA
geo_001597,hLzxUc7ssda-Ft9osnrduw
geo_001598,hMQzfXw8x_rTKBVEKn1WiQ
geo_001599,hPEVVFjhFIvHKgiVUI0HWA
geo_001600,hPy_4FJKDg12zW-_1yMExg
geo_001601,hSWvd3lsm9KSHH1Va7-MmQ
geo_001602,hVvuzGdS0RY-hRtt6DXvvQ
geo_001603,hXYE2hnLtAS-ncELVW3mcw
geo_001604,hYLYs2X2jqzjyn3Ctu5pYg
geo_001605,hYbEqlMmTsy7CtBrXQOIEA
geo_001606,hbakhfHcSAwv7icz1pMuWQ
geo_001607,hbmE-wCPJpGo3GysaKts5A
geo_001608,hfW9NyHRdhcfQpf4cNPZcw
geo_001609,hfaewmezgXPVZJwVa08BDA
geo_001610,hgMqr_T0aLrdtx-28L6cHA
geo_001611,hjEFVftN7qqO-2AoNjR-Sw
geo_001612,hjTrv7HTMJz4T2MKIIXCeg
geo_001613,hmnuUWFKdRJxXAPvXUTokQ
geo_001614,hnJpIzc-aVKViiOlCKyRvQ
geo_001615,hqPMGxwupV7SX8kcH4yx-g
geo_001616,hr-ODBINCWYykcTIdJV3_A
geo_001617,hsg4CY6elSYJORzjfjXqYw
geo_001618,hswi5l0K-5srmTPSLCcPRQ
geo_001619,huypBjx3qvdDGbx9iFBLig
geo_001620,hv3CwKlhOcfEWzX4DG-jmg
geo_001621,hxgtfRjunchmNck5xYCdFQ
geo_001622,hyPawzlI1TMK09plaYQaBQ
geo_001623,hye8dR2fnrxvfzKzC2cOnA
geo_001624,hyqqRyd4TeZAyLTIvue74A
geo_001625,hz6P65YFzHERnMjjpKz3bQ
geo_001626,hzf3Z5xOlTJndqR-nywfRQ
geo_001627,i-9XHvAQPlUxslu6AnZkBQ
geo_001628,i-tU3Yubbs4Iml1qG5bvRg
geo_001629,i0I7VzwvSBur7uPnqpAS-Q
geo_001630,i1kZ1RUvbVD2sKNY69yN0w
geo_001631,i5BoizjvsWl326t2bLaaYg
geo_001632,i5bdZUW9iG9cHaRwtz6FZQ
geo_001633,i6IUVnlV2_riOUz0Ub6Vqg
geo_001634,iAoJHIpk0E9Q4lYfH4lONA
geo_001635,iDQ80UKwrzK4mrfX16_V0w
geo_001636,iDfa92JhYuwcFmkEB9zd_w
geo_001637,iDwZQuot4hlEl-J_bbIU4A
geo_001638,iG2NAkALsKKrBj0l3vPVGg
geo_001639,iHJaQqGnH3R-9uQC1gLmaQ
geo_001640,iHvCnTT1fASgHyXvihnwjg
geo_001641,iJsDliloIPiqh4Y3F5GwuA
geo_001642,iLAAqKOvMXqmFU3AHLZ7Wg
geo_001643,iLFAIYIAYmo3ycc1Nt7mRw
geo_001644,iQT_3_DZ9L0N91lpS9BIWg
geo_001645,iTaw7S1_DaXeDqSwv8kKjA
geo_001646,iValxFFadrcj5mTSYJcbRA
geo_001647,iWKycTIbj0RzMBnmpb20YA
geo_001648,iZMM0zw1Q9_vN3uZR2XDag
geo_001649,i_Ar2vXwZco2J_jaL3bkaQ
geo_001650,ia-lmVziqduCoRI-KpYwlQ
geo_001651,iaGkEKxZnpbvTnZ8HEY3Hw
geo_001652,ibSqYYyWNXkdmb-7Z6kE0Q
geo_001653,idEu5_l67_0oV2TZ9V0JnQ
geo_001654,iero7OmyI6yWR_IMsEXV2w
geo_001655,igZG6m7oAtN98QIpvFhl7w
geo_001656,imV9Jv9HT-Ea337SHqiDgw
geo_001657,in7hu9yKMX2l4MZWS22VMg
geo_001658,ipgbWxdAS21nN-Wnb1JY6Q
geo_001659,iqJwe3z-ggwoJF5TUqCLug
geo_001660,irACeK8g2oQaIFyIMvwaqA
geo_001661,irPoj50j9a6jntD-MYVffA
geo_001662,iuAqdal05Bu6sgk3t227WQ
geo_001663,ivwHL4fLWZ9kilLDDE5N2A
geo_001664,iw025yXBOTcG4fhOJUaKxg
geo_001665,iz3DnIZsZFYQonocJBIlHQ
geo_001666,iz9aU2MbtdCiMF7_Xpun8g
geo_001667,j9aF-j3Daf1PNQkzgCzrYw
geo_001668,j9saabWX7lZuK6JKzh_ndQ
geo_001669,jBSBLEPczgSdUVRGrY5v5A
geo_001670,jCiWFbOX6wSPM6lEI-P6eQ
geo_001671,jCish0vmAc84VGNhpy-tFA
geo_001672,jFcLEXKTjwaYtzcsPdBmcw
geo_001673,jHizNW6ZC5TikDZUX7xXXg
geo_001674,jJVruXlOqct7H6R_U2CJog
geo_001675,jK34m0tD_gpIdZolPe-zlg
geo_001676,jN2h5dJFqM4BEglNIjn96A
geo_001677,jNZo9aJV3a3V9pOmiHkY9g
geo_001678,jPDmHEu34YM227JQBxy4dA
geo_001679,jTPPkBvL3CzH60EDMaDyCw
geo_001680,jVHkJDLb6mVEis1w_dOBhA
geo_001681,jVQ3DG-P00b1PPkPUCmqIg
geo_001682,jVReeQr3ev2Ar7nStlqE8g
geo_001683,jVnvN_acHFC8TImndOpZ7w
geo_001684,jW14O0S8IIQpnjFCcq1pTA
geo_001685,jWUa-QhaFRy1UpL0NaVA3A
geo_001686,jdJeUS9RZ_sCDHWJ9Rg9fQ
geo_001687,jfEqwHBh_4vJOSuOC19kEg
geo_001688,jgtnq-GXEMugS0_ctgMuiA
geo_001689,jiBy9Yvx3cWl4ev5bgbrtA
geo_001690,jimWSXxBi39R870ls8pzrg
geo_001691,jmjCyB5CXjGNHzM4-PY4sA
geo_001692,jrMUz9f_verKp5AQW48y2w
geo_001693,jxZfVKEaSQ-_YIpSMV3DvQ
geo_001694,jxt6qWfgukI70YUFfV1Mcg
geo_001695,jxwiaN31eTI__tnNLRAszQ
geo_001696,jz_bAZtWXaKeU42cU3GAuA
geo_001697,jzhB9WN8z4FbNOyqeuBEtw
geo_001698,k4AN9HIEE89bQvcOLfseAA
geo_001699,k4yXdjv_G_hGGdOXkHkQOQ
geo_001700,k7iCghfcL-XUtfvfJJQ73Q
geo_001701,k7lDk58H2hl5_IM66Q6iIQ
geo_001702,kCB5YLHhrzFeKPC9ZjWtVA
geo_001703,kJSb95hMCUfA5YPoIRiNBw
geo_001704,kKY1f09Aqmd4cBuA7c-JFQ
geo_001705,kLAwL7ES4VxZ8RHmFG7VAQ
geo_001706,kLo36MEteJ2kREGsGWmAWQ
geo_001707,kNa6UfJG7wfvNn5Kn64dpA
geo_001708,kNn2iCEQChU0pFYGQlxW6w
geo_001709,kPFXYroTjxnMJaZ0yuPiog
geo_001710,kWzRjPIginrmKVBDBNGpnQ
geo_001711,kZ5iZ6WK5Z3B5kukYrT-CA
geo_001712,kbo2tjZVlkYRGhEUxKvvDA
geo_001713,ki1d_Cuzk3EEsq5ccY1Wiw
geo_001714,kiNo2XBUA3rFK_Nn61LSAw
geo_001715,klI11W0D10SuSfmpYCVg3A
geo_001716,kqAYsvxe5f91vw-Y5jEAkA
geo_001717,krf9tJa8cFjtM_PNB_wF_A
geo_001718,kvEg3OrKHEU0IV7woTVfsA
geo_001719,kvGMIUb7NfHSoHpjwVXg5g
geo_001720,kx-5NHRmlsBdwh7NLi_zdQ
geo_001721,kyIIla18jayfzFNbCNCYSQ
geo_001722,kz18CBUCDyBltyQ7m-h7RA
geo_001723,kzffGdx2T4dUC0JOXgJYsQ
geo_001724,l-9SYOs-dtNj2pgHOW1lDA
geo_001725,l03a3ZtZBGkbCNRJNoh5Vg
geo_001726,l0qODBZaV_9CLjiTSdarsw
geo_001727,l6kFX1TdOCwbTaHyIQRtrA
geo_001728,l8jKtK1tBGk6gN3hFztmqw
geo_001729,l9NJMK4uCAKMk62lFG4bbw
geo_001730,lCkIb7e6AfSpOqx9rqbSvQ
geo_001731,lDpVsqLeaE1HBhsAeP3fbA
geo_001732,lFbxIokFaOpxfER5b0DmXw
geo_001733,lIQ-iy4jU4a1nz8cLTT_1A
geo_001734,lKlm2xDdwBNzHevxwUcZ2A
geo_001735,lKspuOnKL0BSU8OctIgTCA
geo_001736,lNP7fmm0bFwFoYnwtFaL5A
geo_001737,lOC_IX7i_XEJ_KTgmBn9Rg
geo_001738,lQfVHRIXY-kxNTVwRqnfJA
geo_001739,lQz7NbvKYHXEPs5E4K1zJw
geo_001740,lT5AScJ3_d9ADIoCYT1pNg
geo_001741,lWQ6i9zSqPwU5phO8Jt8PQ
geo_001742,lXAJdkKAeoUMlLtYnTbNWA
geo_001743,l_qvBhRw3Y5tDPVs7Tanwg
geo_001744,ldtl1JXh8gQ4yjvHy0hnWA
geo_001745,leM6g0RDTfrs6IJA2EAeJw
geo_001746,lhaMEjJSRoSNCwngFHaHEw
geo_001747,ll9TNqJQHk4SITVUYGRwNw
geo_001748,lljzC9LfLdJJfamhKM2WUw
geo_001749,lnjVkwd1L_4xoJr8lkYdcw
geo_001750,lojOgq0P96awgw1QkTLb1Q
geo_001751,lpMpKnBwuKQ6fpBQTZYJkg
geo_001752,lrJi9iSGc8Bjtlosu5mAbQ
geo_001753,lrSVT-dsPjWTKrSVXcbybg
geo_001754,lsi3ZBN_InB4VPVYuaLWQg
geo_001755,ltKtwwCOIa9vJxh1xw58xA
geo_001756,lu0zjtoqpaZfmXLVnWvy_w
geo_001757,lvSs3xPKgMky8U7G1vpTuQ
geo_001758,lzETWi3KLbu2-0XC3znCQw
geo_001759,m-5AGrHEtbfu9H97IFB_bA
geo_001760,m2YHjaitPnrhTgvD_iE4RA
geo_001761,m2s_g_N4DiOyon3GueCDBA
geo_001762,m45v_sK-CPhJ_Ci_uJwk0Q
geo_001763,m6fLF5AtK8YwvFyiLJ9vgA
geo_001764,m8Sk2e_M-ChcsIqMDl6tvw
geo_001765,mGB5KvW6QDlfj0MDeVe8cA
geo_001766,mHI_q2F8IjjWBL4NZHDzKA
geo_001767,mJba8oqZff4JAjdBvre9Sg
geo_001768,mN-FxkDBuqaMBlqkHhIg9A
geo_001769,mNTxaNBwyKWh0SJskUMmdA
geo_001770,mREDQLgcaGlRmq8djDpN0Q
geo_001771,mS2aIK4zQeuDEos_7LerkQ
geo_001772,mSXwSyV81cBdfXTbTJSiVg
geo_001773,mTKCVieHI8uQS3QD8_Rw2w
geo_001774,mXLNKP2N2hlxEE5LhGVI_w
geo_001775,m_ap-U6tA__x_zyvEK-TaQ
geo_001776,mbOGs9GPlNhG4MrfkQTHWQ
geo_001777,mc_fQYzSxdRiFR0RER65Aw
geo_001778,mcrua-dYXw3ukJNiIscPqA
geo_001779,mdGhQ6JnpACXH96W7O3Nqg
geo_001780,meJUOr28RoBIKToP7WmOgQ
geo_001781,mgoIkIBRFgSgehYD_e76yw
geo_001782,mkfsxH3Es7OzgmLih_WwAw
geo_001783,mnaApK_J5pNBqQBLlwTGJQ
geo_001784,mnhozTuhticx2lPojYdK9A
geo_001785,moLPjpZx-gR4xttlIwOYng
geo_001786,mr6m2hMLLA4Jw33-fL93fA
geo_001787,mrecHlMH0ta_d1zqbFgJcQ
geo_001788,ms_JmpUEIR0rTbygzILRJw
geo_001789,mxFmFM28s4ZEI9s1OoYcTA
geo_001790,n1QQgrsIvqM0HM7J0TW_yQ
geo_001791,n8uVTeQmWVEd8gXJeRTN2A
geo_001792,nAo3VczvOrVHMIdiKDLW_Q
geo_001793,nEVbJA8h21qYgHVc0gJD5g
geo_001794,nGu3YUMIdTBvazOBosrrYQ
geo_001795,nOWSmXXjdX-wKNolS3-O8A
geo_001796,nSZAsEv7jfo-J7i9OR0c8Q
geo_001797,nTV0GCGev_LbcLnGgjfBxA
geo_001798,nVufALRajVMZ4cSGymboDA
geo_001799,nY2e1AscC1X6SB2C5sPa8w
geo_001800,nYeRi_EdOTilbOSmMQiP9A
geo_001801,na2vFe6eNtiDI84vYOV-Lg
geo_001802,nc_dZqvi8O_-Qgz2PqXBEw
geo_001803,nfBYveJ8yIb1rZGXivP0XQ
geo_001804,nfJgKbrrYcYjIvpQyTVupg
geo_001805,niyBZ6i0x_m97GDBCuT-Ug
geo_001806,nkU9qQBj2jTKnxCdRj7Vwg
geo_001807,nl3mD4aZiEjTWbbXUKoAkw
geo_001808,nltbZTTpSwfUAzFKNhTtQQ
geo_001809,nmV-MR1vRyYBy6zCmC_sCQ
geo_001810,noe9Xd3U81SAegMFA7E7LQ
geo_001811,nqMOD6qSZ770kF6XY5hBZg
geo_001812,nrupMMD4Kg53hI828ioRYQ
geo_001813,nsNpTSMBMkl4Fb9JMFZ1Yw
geo_001814,nu7PvvNi4JY_6og1_QWPNA
geo_001815,nuMCfAyAjugDMJC_QJyLFA
geo_001816,nx-EIF93W9K9ocWis1ejXA
geo_001817,nxSuys-GqBnFtjZqpXQXMw
geo_001818,nxX0Jwyv_l0m3xJtsHemDA
geo_001819,o00xoWIUPI4MeA8sQTq1QQ
geo_001820,o69SIjTXCtDQU1EHeaZoHQ
geo_001821,o6ITGT0t_fjqvwo4I5nZaA
geo_001822,o7AmJ1pfRTHx-gKn-QOn-Q
geo_001823,o9_BFhZl11sgPDLLdKCfgg
geo_001824,oBsyLD1zn59ovH397sQcfQ
geo_001825,oDaKlUJBE42gFd9diQqgjQ
geo_001826,oF636OZXzfUi0g1dBn6WQw
geo_001827,oH0SJNPAt4_FkWufpOx8Bw
geo_001828,oHm0rYqh5DR0s3eLi1sbQg
geo_001829,oIcQ4qrihHvqXgnN4UodRA
geo_001830,oMlZ_nykmvUc8ujAvxpyeQ
geo_001831,oOvSfg0X2-agynCidig0yg
geo_001832,oQPhWct2zbx4uo9XPGku7g
geo_001833,oR_ux6EfUacF8UJZP6y7TQ
geo_001834,oSJI415qSseB-E06yhbF-A
geo_001835,oTE23GxRgbuZwuQ74VgY8A
geo_001836,oVdg-gd6J7qXx4QM81zvEw
geo_001837,oWGtQyxpur4_VMzqlaj-gw
geo_001838,oX6OO7GJDxT_36qfH7G4SQ
geo_001839,oZ3MQO62wN8Ptb5UOGvHVg
geo_001840,oaKzT2mxYNB5zhmpNI4aUA
geo_001841,obzhViND6nGoEjtVKNlgUQ
geo_001842,oeSNCIG1FOJJJkWNvKSrkw
geo_001843,oexU0vy5N0aQ0Gd5XQA6Vg
geo_001844,ogKcAFFCMVnm7vFzQlKpFg
geo_001845,okF-MeDB6MQ9BPmlCT4HlA
geo_001846,okyX9rpLuPyntRVNpOPBbQ
geo_001847,okze4sDu5LciVv4QwlUrUA
geo_001848,or7wQww3wFjuNRx7WdmWVA
geo_001849,oth540XKcIKQ3Lf7ZIqvkQ
geo_001850,owox_J14-fT-0KBswJszOw
geo_001851,oxT4VH_UTtFZuwXENveDLQ
geo_001852,p02YS1LZwvP9SBH7IYwOEw
geo_001853,p3PfWrgYxS_jlSs5IiYSRQ
geo_001854,p3XqRX59K46U1m99yTWJZA
geo_001855,p3tysjJ3jVRWGLRlkB6sCA
geo_001856,pA3hTo6TzjEMTMaNEDwgSg
geo_001857,pAvlJ8SS4d-ugdOawnmw_Q
geo_001858,pCKM2OcQu2Ht7vEy5mbHIg
geo_001859,pFPp5SRan2sBwoTCANJV0A
geo_001860,pFVeomOFEMpd8cQd1Nahgg
geo_001861,pGPdl3j756L9zI4HZ-Q3Fg
geo_001862,pITsdTGGAJAVXDypPK71PQ
geo_001863,pJ1c_W1yOsjje4iQ26yKgA
geo_001864,pRIAz9y6r9zuTDmXg74CAw
geo_001865,pS2KX8uU_ua7RVGz-bW9RA
geo_001866,pTelRjfUiqgyhCDG3sXPVg
geo_001867,pVNGQDkBg2MdPdaDoJ8agA
geo_001868,p_Rx7MdxdGTq2MnE_d0gsg
geo_001869,p_h6zXYd8GD8T3PirI215w
geo_001870,paxKtZnwj1YABcHZY7mPEg
geo_001871,pczdfdF-dXxl4AvorLP7gQ
geo_001872,pdhEqQyLOQEYdqlZEziYNw
geo_001873,pfRvl7xLn0NfdwjuS09kXw
geo_001874,pg7vY-7_Q5f_RDh_0JIe-Q
geo_001875,phxi-1F5y3TfdShi8zYCcQ
geo_001876,pnxSCNjnErJYvA7mqw4l5A
geo_001877,podXHTvAgFny4qKKwUz5ww
geo_001878,q-pjDsnABaHM92CaKkCIGg
geo_001879,q-uWpuNIKogCThZXhsYnHQ
geo_001880,q1Q9qwwSN4cOhK492XlB_g
geo_001881,q2om6BqLaE3IUdYj8LUy5A
geo_001882,q7iyDYG3DC5bkpE79q-p9g
geo_001883,q8t3CO-bKgfM7tjdBxlq_g
geo_001884,q9bKWJI6Q9VNFnfz9EaQqg
geo_001885,qAa4WccZOcnCT668zVgKCg
geo_001886,qAqo5deQ2AefWbKffF7Xhw
geo_001887,qD86A44Dw8e5bu2WXzMGOg
geo_001888,qEO0vOZWpIBNU-eIBSeQGQ
geo_001889,qEs7OuLE4eani13v2tJA7g
geo_001890,qG5MHY2kLKgUkVj0AhKv4w
geo_001891,qHc1esW4VsKlRmG0Zxiyrw
geo_001892,qQDhI7Y5Nt9xXVQLgOWqOQ
geo_001893,qRRQdNOWA8VquIr_ZeJY-A
geo_001894,qUCtIBQOFzRjIZ_XmCu7PA
geo_001895,qVUGyuVNJBMfrko3KcV8Gw
geo_001896,qWMf5AGJoMF-DjgharBkrQ
geo_001897,qekPcXIdaH-9e_c9ni3SvQ
geo_001898,qf4dEk83JQpzjsyCJRPQ4A
geo_001899,qhZNm3qUMZDUhP_nDmfagw
geo_001900,qhpookZRR2ghuj36PWW7Hg
geo_001901,qiFBzXIgpDRVuE022by_uA
geo_001902,qj2WYZdzMqQ4aujXZczzjw
geo_001903,qj5QfXUEYY-6nyYSq1WSRQ
geo_001904,qkgpbO2ldftB5tSjXtZEPA
geo_001905,quGfR2ph4-Ca1GWdhmQm6g
geo_001906,quWOL_lhgA2r7e9NjIMK3g
geo_001907,qvHKENhjXzFdsY1rLZWDRQ
geo_001908,qvLh4vpJcjUx9nR4KXJSXw
geo_001909,qwbMlFAfMqMvgPe7LxyZUQ
geo_001910,qx16llptq06woN7nZ2jEbw
geo_001911,qx21kMNgBxrybqvDmNRGkQ
geo_001912,r-7LyVSer_14tf5pU52gaQ
geo_001913,r1nh9zoaBuZzWcG0xevVBg
geo_001914,r1un_ZCWzXyAjWnfwYigGQ
geo_001915,r3ae-nFRBi8WDawCupmwSw
geo_001916,r4S0aSyXmQlfFuNzsbgUyw
geo_001917,r4k0Vtbw9_riXonftPUy8A
geo_001918,r6d1vqLMYvKFaLvX17Z0tg
geo_001919,rAbcRGMx9OCc7HIWdjAq8A
geo_001920,rBaEexbq0-7iaBNSrxoVxw
geo_001921,rDDnvQrdvJBgiUKcZz6Mgw
geo_001922,rF1nmDkjeUMy8LrjDmPNAA
geo_001923,rHJGbMLjvUEPtyFGz3Cf1Q
geo_001924,rIz-pBX9VO0q02c5def2nw
geo_001925,rLsCqoX4M7pLIZzWVt_gHQ
geo_001926,rOfQtAiQ9QejSGHB_nfwKg
geo_001927,rVxEzBc514iy-8oPNC5Njw
geo_001928,rWIwqgoO18kltoy3cFAevg
geo_001929,r_mU3pkxZIaIGnzsr0-hog
geo_001930,raJeErIZUQ14S34lCluNCw
geo_001931,raeC9C1M40_gblwjdgyW8g
geo_001932,rajwRmwBLRn1tA62Ps6dww
geo_001933,rbtXbobfvxIBUzv-HkxlLg
geo_001934,rcDpqw00MFxwAGgK9IacQA
geo_001935,rdbg7UEKnoFvbDdM65pMxA
geo_001936,rfwDYSQ6cVfD5OZjES9-pQ
geo_001937,rkhd_9ykkeGsgeNmzYD8PQ
geo_001938,rmgnZ1-09BMFBk5Fe_2ssA
geo_001939,rmhl4T-FrTFu5uAvjnCAuQ
geo_001940,rpzVPUQlYGWtxvgb0wHZ0Q
geo_001941,rqPS8SsRStvrk-CdrMGKgg
geo_001942,rrPFuQNcrEmOdBGUHMtsaw
geo_001943,rsJsequ8EbaG7bF18fzU9A
geo_001944,rsQBnjuCGMnxMNvk4ng_Wg
geo_001945,rtWD-1mq2oOOwwRdsZ01Sg
geo_001946,rwKt-1F1a1KlaPzBvthhvA
geo_001947,rznccbf_myGIZzh5vlnDmQ
geo_001948,s-MvDbF2-K5l0BCdTlbONg
geo_001949,s0ZcoPS4yC3XZJM2E4J15A
geo_001950,s2PUzQMKEsGIkWvPwuq8bQ
geo_001951,s64xAzU-61CA2dz_4LGNzA
geo_001952,sA4ZoCsFMg-fdQAYE2_0Hg
geo_001953,sC3tNLXi3wfJrbm6md3jPw
geo_001954,sCGfdzMbbV3QgpLopBQVag
geo_001955,sFxGVDaCSxBEfYhxsWr2Ww
geo_001956,sHGN5uxVkKajeC4shUJMjg
geo_001957,sJs41kh6WbMLVhPiUgdrcQ
geo_001958,sK-UN6edyUwkyH1YMRAK1g
geo_001959,sKzTA2urLFgHezqjKGXjlA
geo_001960,sM0kBo0HAu_GHCA8g72dtw
geo_001961,sMJL5_LgtrE_mcsgVF28yw
geo_001962,sOOlsr7Y_bPtibXv76052w
geo_001963,sP-3q4xiovtV0hOSThdpOw
geo_001964,sPjA53q4A-T0OyzdX8gdow
geo_001965,sTBi8di1mflAL4sNgDZUkA
geo_001966,sWIQzxxMatZ23w6R8Pjo6Q
geo_001967,sYXn-vn1GjlsYDOO9Ui9vg
geo_001968,sZTy1VnnzWvvMTwFBOAfmQ
geo_001969,sb_NAsNbAMLGAJZXPQ1vuw
geo_001970,sbqucZUDp2nUSiVZz1fPig
geo_001971,sdTei53WLOwOc97RnFaQfg
geo_001972,sePVKZsCPJ3RI-yaqGI1YA
geo_001973,sfq2g_x6z7TsrQxNRRoNjQ
geo_001974,sfrDvGvLlydZ_OYmOfm15w
geo_001975,sjSbYh7pb6GCTqiiGn5bdA
geo_001976,smvAxCU2W1CrwcfWXrGi3A
geo_001977,snLJVcHfJojHr_7v1s3CYA
geo_001978,snTpBlrygbMO4JyOaCsDow
geo_001979,ssnP_esW68ixgN3UCE7-xg
geo_001980,stIP3jLDekKYwz75XVEcUg
geo_001981,stKHN3cMACv9dnxCVjubpA
geo_001982,svcS5qXWbfywmiGw8WZ0_Q
geo_001983,swZAR5HpeJeZpoP05t1r5A
geo_001984,t-KQUUCiUFxvZK3zc3oM8Q
geo_001985,t4L4cNVkHsLFCeX3wUBFqw
geo_001986,t5zsq6ZCXWJ-S7GqHg5usA
geo_001987,t7LnBLxy7J1iEdy-AhBPfg
geo_001988,t8mLarPRccKC_2vSJDkhzA
geo_001989,t9m3jWlr4Uj5t6hQj93jzQ
geo_001990,tA09UIu0v8KQHVAcP6Uv7g
geo_001991,tGj2Qy5b8Db3uPUsa6n3pQ
geo_001992,tHCNc1eo8kwUPNx4Npkptg
geo_001993,tP-P5mAQ9adeQ214dITKCg
geo_001994,tPWQe08iEO226CfQRvbTGw
geo_001995,tUCZDhVpgMg97a546Nf-1Q
geo_001996,tUlqp6eDNG9j-Uy6FtRS3Q
geo_001997,tVSOqaSj3r4UwyvHjz1NPQ
geo_001998,tWDyDgbY_nWtZuaAwRJg5w
geo_001999,tZq91YE7uG2l6O1f83VCzA
geo_002000,ta7Z8HJf88tra_rLy30rtA
geo_002001,tb75Wr3lsKR5QGSzFUvVfw
geo_002002,tbWhaerkK3xpli50f7pMWw
geo_002003,tbvf_6e-GW_vmkT6Nb4naQ
geo_002004,tcZaFlJy_yeBuCHC--LjiQ
geo_002005,tcfcbLBAaDr84yhTEN9LSg
geo_002006,tgJrlNB4PWsXE_1JXN-ulg
geo_002007,tgKJwJgcLyGnhC1I_r0vJA
geo_002008,tkpL-KTczET2XHfIEvmr7w
geo_002009,tl4xiR311tFo0V3eZtsYKg
geo_002010,tlmj7H-OXjlIygpmqx88KA
geo_002011,tnj9YFZ5DfsPx5DZ5PkTMQ
geo_002012,to4L63bd_6AOrxX9_Lpk7Q
geo_002013,tpSnpJwpLBUDmVSgqr9dSw
geo_002014,tqsdE925mkq1qjwkRSvSTw
geo_002015,trgwor2ls-0P4BuB4DMuEg
geo_002016,tu0uq1HpGQU1Z64YBx8wJw
geo_002017,tuv1uUHWYYdUnU9r9HBJjQ
geo_002018,tyuu5bJ4byZ4k56U2PMkxA
geo_002019,u-AgXzcwHCRRR8vJx-7Agg
geo_002020,u4TA-sEod0lf4DcAQflDCg
geo_002021,u5g84eA1JmUFfm2_5wvFWw
geo_002022,uCQpy_r9AlDxWG76-XprpQ
geo_002023,uFkBObIh-2e80pFrH0Sgnw
geo_002024,uHzANvklePc0vc6foufl_g
geo_002025,uJqkKN8swjsnhfXnRNdi9g
geo_002026,uKBWFHbEDw87_xjPa05UXg
geo_002027,uKxfZ9MD3G6JgbU8XTmQEw
geo_002028,uM75WqsgfyBTz0-jy_NNPg
geo_002029,uNlgzN3hdryI9WpXRrQv1w
geo_002030,uPIGqzUtFxY8dVPvLbNgLg
geo_002031,uTpcFNjhWah-aYTUwdWDtw
geo_002032,uUGqCB-lm4QV-Om18aBHwg
geo_002033,uVbUASqbtiQwr9s_gOIJcQ
geo_002034,uZjU3STdbMt3ujEI3_DxHw
geo_002035,ua7xgAcvfRWPiW2qtU4iIg
geo_002036,ueQ9-nPCMJlUr2l6t6ZkYA
geo_002037,ufI7bOp4ge4YK9SwXKlwuw
geo_002038,uhA1Z_ahgQvVPBXEVvAXpQ
geo_002039,unuCosx0e_d8xV4SqdZYkQ
geo_002040,uq0Cko6IT1qhFu1__ltSqw
geo_002041,uqNjmMttmYNmv7OM-Xreig
geo_002042,uqTVR4D1m-6A1NxInF9P6A
geo_002043,uqih4ozVTncrcQOFe5qZSQ
geo_002044,uqkBY7668qjIJq1pO6YHpQ
geo_002045,uqniUVgkk1AV8VLbQB8AMQ
geo_002046,uqxgQ5TN5Fw5YT3xIVqtLA
geo_002047,uuCxtrv-i2qMl6Nm7AiW0A
geo_002048,uxHCIx8D7qGDxOEC82Dxvg
geo_002049,v49_V_j6waQIIhNDV3IaWA
geo_002050,vAY3tH-AvFIpqNkWY0zicQ
geo_002051,vD1QZT2esEP85AmLE4Buew
geo_002052,vEW_jXRVnmWP78RpPhrZyQ
geo_002053,vFITZJcvUc8szEJb8QJFQw
geo_002054,vFTDZeDhOcFsp_CvBNxxuw
geo_002055,vI_EVr6RBvWQ6S90l4L5EA
geo_002056,vJvysZhPGaoaKteVMIInsQ
geo_002057,vKcu42kHn7R16ymVN6aJRg
geo_002058,vMRfROBfwBWwtYvMS5nFTw
geo_002059,vNaIo4nbAh1nejGR5kad6g
geo_002060,vNuajrj48L4ufHaSCK4hPQ
geo_002061,vPNn6daxLqEOSNhAR4C1-g
geo_002062,vQIGACevGT8gEEzFN9LB4A
geo_002063,vSE5ovZHc-lE4ZF5AaEwRQ
geo_002064,vWUF3I5i6rb4M4nv-I6atA
geo_002065,vaT09FP3BTNDfOWm9dsoIg
geo_002066,vdEh8re6T9spNiztcSyJ9g
geo_002067,vgOHhiF1nFL5HeZAqc5nAQ
geo_002068,vhTJsTG-Y6IFm8VAyJbTOw
geo_002069,vhejjn-uQJSiHJ7jcFPVzg
geo_002070,vnv4fP4SBrYpTZ_q-jyKcA
geo_002071,vpc3MuEW0WvsVoZBmDtJUQ
geo_002072,vqu7uJWwzhUxlrjkNwO58w
geo_002073,vrDocY4S0MWrT4dOzLeoXw
geo_002074,vt_FrmpdKYskJplkrNnxrg
geo_002075,vtane7G7GwK20NnKdZZ4nw
geo_002076,vwdZHEiLXvAQUaXl7Pd0Iw
geo_002077,vwocnqXRu1jKBnpxK63zAQ
geo_002078,vz5X7BhyO0zsoM14wjx3ZA
geo_002079,vzCX20l8Jt5vGRKjG8QopA
geo_002080,w-J4PRf6XMRwT7SnoAn-MQ
geo_002081,w0AIyKcm5qwG3B7qyei_hA
geo_002082,w18H8TU8NLN-aZzuBgseiQ
geo_002083,w37R8AZH4e97hJ6HzBI3ow
geo_002084,w8AgH38gZVsUEY2Gqz87eg
geo_002085,w95Z-FroFBsEqSn03TxDig
geo_002086,wAKIRhWs3rwpsefnuvvs4w
geo_002087,wF0hfsDa4cbeRdCzhVUiZA
geo_002088,wFGdCkKtMgjisC8KO3paFw
geo_002089,wHLl2QzwodwXmmbrhINUJw
geo_002090,wHm9u_gjTyAwl_sTzLRmYw
geo_002091,wLMng0CCO4AxUD-KJbrKRQ
geo_002092,wMqhqptKOwJ1BlZBebIJ7Q
geo_002093,wQQ5N87FICzAiQR4-5FZhA
geo_002094,wRmAAalRKVPg2FfM130XfQ
geo_002095,wSC5hijcWZ9vISywyIXWxg
geo_002096,wTzUj9UjA_6zfwfUsnouwQ
geo_002097,wWInd4OnTIBaPYKWi158lg
geo_002098,wbRwL1D-n0hktSHNqPw_oQ
geo_002099,wczHwoJiGLkY57tuXu-SqA
geo_002100,weeMi77TFxtV7GkshFpi8Q
geo_002101,wgT5NAQr83h28djH5WSfUw
geo_002102,wh-WwTwv_7GRcMm_RdX5zA
geo_002103,wh0CCgSQ_JYAKHdJtbT7Vg
geo_002104,wogoUxSIoQ7Q4md9kb4EEg
geo_002105,wqsD8LwU840T_mRPms7New
geo_002106,wtydnwCuVbxOt7r8Rk-iiA
geo_002107,wvZURJUGrhM5uulO4eR9BA
geo_002108,wz0uZkTf9XHbIuj24-1a4A
geo_002109,x1OqL7pENmzz6XHrC2ogUw
geo_002110,x1Uza0PdbWx1uVjK7Rw1mg
geo_002111,x2dWgYw1A7pl8bvyIuQUIQ
geo_002112,x5KsxSVlokBDWkC6ecBcgA
geo_002113,xBHHAwu_x4PNVHNAdqM0bg
geo_002114,xBdPFHcUBjPoCiVZpcDkRQ
geo_002115,xCKuBaExgzwfpUzVVHRc0A
geo_002116,xD6x081RIQiuQVAVyzU7Ig
geo_002117,xF4f0ciaKMYDh9jhDuDplg
geo_002118,xGipNdfT3oU5Y2raz5Gdbg
geo_002119,xGmyQF_NxyLCyhAekOFNlA
geo_002120,xKAGoVFGGHbjiC5sqgxNig
geo_002121,xMevTzdYYWqeTDxvmmrEFQ
geo_002122,xRW_9w2pDijN_oFAZkaKbA
geo_002123,xW2yuQ9F5SmfoivcZjba2A
geo_002124,xY_z1RtVnjATFR3qQZKEvg
geo_002125,xZT3c_L9f5nimmdWDI6GJg
geo_002126,x_bkN5m_rQDznRo1m1FPCw
geo_002127,xhX8_V2CPosXFmUmjV5GRw
geo_002128,xi4UjK-tBIvv-L8MOP9aRw
geo_002129,xj0Rw-zz19KlJw69c-lw6g
geo_002130,xjgeb1GSYn4U6uTKQzbT-g
geo_002131,xmm_Ik4-kEnELZ7X2PWh5A
geo_002132,xoR4pqmhKi2aAmFsc4gj9Q
geo_002133,xpDllGEnvsf_miGfqQ_Byg
geo_002134,xrYSe4hCgwmCKKG78b94LA
geo_002135,xtNqpDYMTAqLGgqN2U25vw
geo_002136,xufEHgS5g4yEydlx7W9lKg
geo_002137,xuraSIEEFJ2wSDxu8rIV8Q
geo_002138,xw4q1CI5BP7LyRXevWo0LQ
geo_002139,xy3PfcH-W61MURtqgXr9ZA
geo_002140,xyOoe4pNwC3kiT_NohZl3g
geo_002141,xzNwxzWzdJ9e_at_fUSIbw
geo_002142,y15sIyLwYE1FmuRw8AG2Pw
geo_002143,y2W997m7ANxv2uL2wBsb1Q
geo_002144,y4LugNeRcS8LLXlvjGu1rA
geo_002145,yC1UNIjoHcMwmDYZkN8qlA
geo_002146,yFxWCcE578dVjPPn4GFrfg
geo_002147,yKkdQYZRML6Gkn5767DUqg
geo_002148,yLdoYrR5Mk6ukuxtLBNR6A
geo_002149,yPGTbVrAUTd-MbEaqtEzvQ
geo_002150,yTA7jSQH9tXZ9y3h1WylyQ
geo_002151,yVftPkvJHyuc4lBefa3JvA
geo_002152,yXEFysOSyVBsCT85p6LZWw
geo_002153,yXgP6iaYBR_Jxqo5bWDW7A
geo_002154,yZ0QHYP4ELmUlQH1UUnC2g
geo_002155,ybeSVgEEZzEWvS6i2M-pzQ
geo_002156,ycVooCdEZ_RPcy2kE8TIpQ
geo_002157,ycipRBKVAIRElTfNWkvdrQ
geo_002158,ydX8MwAFpR66NgAyC9JYqg
geo_002159,yeKwlxU52S3D2nGHMFZfSA
geo_002160,yfP8K9iRnQb8LiE1FTGQOw
geo_002161,ygpqiOGZA5tY6HonF62k0g
geo_002162,yhmlAwd_DmQo7XGx1ZYHgg
geo_002163,yn-5-s0c2nu4mLxUq5W_xQ
geo_002164,yq8HYDY2yXnYCmGzSQazow
geo_002165,ywkSUTNZKz79b_d23rcayw
geo_002166,yx8knztkP6x9X1ug2NElHQ
geo_002167,yyC1PvdF0Ap6k4z0htkHxA
geo_002168,z0lE9LFCRaWCpjW70try2A
geo_002169,z1-zP8Kq_0ZlFZKMkVDQfA
geo_002170,z5WXKq4BW22lOW3OHP2EgA
geo_002171,z7I9T5jwsOJDclL9sIIZ5Q
geo_002172,z80-srnVBaO9gg8HX4LmPA
geo_002173,z8laUlysrJHwAueJ3u1HXg
geo_002174,z9XqO7J1q_HhBxdbLZXtSQ
geo_002175,zAbot_77vJrUvOSpwCR_Bw
geo_002176,zAypV7M7sa22EwIO3KBRLA
geo_002177,zBXashFp-0cMaZIi3hBmhw
geo_002178,zDGKhnKOnHMPQ_4TSquI_g
geo_002179,zGDNNsnWV4-U3bpxv_tygA
geo_002180,zGujjtvx7RVNn7n8kLU7Jg
geo_002181,zIEh_HkRFu1enK3-YmeItg
geo_002182,zIHOIOTwonUTF3eA-oAfIg
geo_002183,zJJBYzVJyonnm8REKw5VPA
geo_002184,zL7Hwe9yZIn-VUuXjWC20g
geo_002185,zM8Hr1hgP1SM_Dio7npT7Q
geo_002186,zMofAcLQykNX9nUsRL-gsA
geo_002187,zOWMl4UV-X-sEz0ARAeeMg
geo_002188,zOz9wLZvpA1YHYzaiSzarg
geo_002189,zQ3mk1aU2-LAw3vuF_atsg
geo_002190,zRDclfYNwN1OMIosSq1MAA
geo_002191,zRTDwLExQG2VZ3-tNcXqIg
geo_002192,zY0wzSbBn5KNSHObvhLFlg
geo_002193,zaODQ-v9E8t87eBeJi-QhQ
geo_002194,zbijVo1ABZeqkNlbENLGmQ
geo_002195,zbmdBGtkKWDONR_n4miMNQ
geo_002196,zd_4idhHRQJ5jcDC8tG7XA
geo_002197,zgKq151E2OuLzgRaecqQdA
geo_002198,zgP30PN-ZjwPxKmnalnejA
geo_002199,zhA5uZkEhdwEuu7r0REJEg
geo_002200,zmHAyCiMeN520h6tPmclkw
geo_002201,zn0Gmsm2dc79jDb99cqQmg
geo_002202,zo6MrJicJAkAAAQWjJF64w
geo_002203,zoamcfIgu8DEtO2eB_QVng
geo_002204,zpMtrTRWqvO3-nuuEK8SKg
geo_002205,ztxR1b0mMDgUIqIE6nWFhA
geo_002206,zw5kOjvpARHRS0q5-9I0vw
geo_002207,zzm5-YU-6msmiPsaD8e6kA
